Workbook

Sheet Resumo
A1: BetIntel AI - Dataset de treino das ultimas 5 Copas concluidas
A2: Escopo | B2: Copas do Mundo masculinas FIFA 2006, 2010, 2014, 2018 e 2022.
A3: Uso recomendado | B3: Treino/evaluacao educacional. Analise baseada em dados historicos. Nao garante resultado.
A4: Google | B4: Nao foi usado como fonte de treino; o arquivo usa fontes CSV reproduziveis e URLs auditaveis.
A5: Odds | B5: Odds reais foram ignoradas e nao constam nas abas de treino.
A7: Indicador | B7: Valor
A8: Partidas | B8: =SUM(Por_Edicao!B2:B6) -> 320
A9: Partidas com escanteios | B9: =SUM(Por_Edicao!H2:H6) -> 256
A10: Partidas sem escanteios por partida | B10: =B8-B9 -> 64
A11: Gols | B11: =SUM(Por_Edicao!C2:C6) -> 804
A12: TotalCards modelo | B12: =SUM(Por_Edicao!M2:M6) -> 1272
A13: Fonte principal resultados/cartoes | B13: https://github.com/jfjelstul/worldcup
A14: Fonte principal escanteios | B14: https://footystats.org/world-cup

Sheet Partidas
A1: tournament_year | B1: tournament_name | C1: match_id | D1: stage | E1: group_name | F1: match_date | G1: match_time | H1: home_team | I1: away_team | J1: home_goals | K1: away_goals | L1: score | M1: result_1x2 | N1: official_result | O1: winner_team | P1: winner_basis | Q1: extra_time | R1: penalty_shootout | S1: penalty_score | T1: home_corners | U1: away_corners | V1: total_corners | W1: corners_status | X1: home_yellow_cards | Y1: away_yellow_cards | Z1: total_yellow_cards | AA1: home_straight_red_cards | AB1: away_straight_red_cards | AC1: total_straight_red_cards | AD1: home_second_yellow_cards | AE1: away_second_yellow_cards | AF1: total_second_yellow_cards | AG1: home_red_card_sendoffs | AH1: away_red_card_sendoffs | AI1: total_red_card_sendoffs | AJ1: total_cards_model | AK1: cards_status | AL1: home_shots | AM1: away_shots | AN1: home_shots_on_target | AO1: away_shots_on_target | AP1: home_possession | AQ1: away_possession | AR1: stadium | AS1: city | AT1: country | AU1: results_source | AV1: cards_source | AW1: corners_source | AX1: notes
A2: 2006 | B2: 2006 FIFA Men's World Cup | C2: M-2006-01 | D2: group stage | E2: Group A | F2: 38877 | G2: 18:00 | H2: Germany | I2: Costa Rica | J2: 4 | K2: 2 | L2: 4–2 | M2: H | N2: Germany | O2: Germany | P2: score | Q2: FALSE | R2: FALSE | S2: 0-0 | W2: dados_insuficientes | X2: 0 | Y2: 1 | Z2: 1 | AA2: 0 | AB2: 0 | AC2: 0 | AD2: 0 | AE2: 0 | AF2: 0 | AG2: 0 | AH2: 0 | AI2: 0 | AJ2: 1 | AK2: ok | AL2: -1 | AM2: -1 | AN2: -1 | AO2: -1 | AP2: -1 | AQ2: -1 | AR2: Allianz Arena | AS2: Munich | AT2: Germany | AU2: https://raw.githubusercontent.com/jfjelstul/worldcup/master/data-csv/matches.csv | AV2: https://raw.githubusercontent.com/jfjelstul/worldcup/master/data-csv/bookings.csv | AW2: https://footystats.org/c-dl.php?comp=1419&type=matches | AX2: Escanteios por partida indisponiveis no CSV FootyStats desta edicao; nao preencher com estimativa.
A3: 2006 | B3: 2006 FIFA Men's World Cup | C3: M-2006-02 | D3: group stage | E3: Group A | F3: 38877 | G3: 21:00 | H3: Poland | I3: Ecuador | J3: 0 | K3: 2 | L3: 0–2 | M3: A | N3: Ecuador | O3: Ecuador | P3: score | Q3: FALSE | R3: FALSE | S3: 0-0 | W3: dados_insuficientes | X3: 1 | Y3: 2 | Z3: 3 | AA3: 0 | AB3: 0 | AC3: 0 | AD3: 0 | AE3: 0 | AF3: 0 | AG3: 0 | AH3: 0 | AI3: 0 | AJ3: 3 | AK3: ok | AL3: -1 | AM3: -1 | AN3: -1 | AO3: -1 | AP3: -1 | AQ3: -1 | AR3: Arena AufShalke | AS3: Gelsenkirchen | AT3: Germany | AU3: https://raw.githubusercontent.com/jfjelstul/worldcup/master/data-csv/matches.csv | AV3: https://raw.githubusercontent.com/jfjelstul/worldcup/master/data-csv/bookings.csv | AW3: https://footystats.org/c-dl.php?comp=1419&type=matches | AX3: Escanteios por partida indisponiveis no CSV FootyStats desta edicao; nao preencher com estimativa.
A4: 2006 | B4: 2006 FIFA Men's World Cup | C4: M-2006-03 | D4: group stage | E4: Group B | F4: 38878 | G4: 15:00 | H4: England | I4: Paraguay | J4: 1 | K4: 0 | L4: 1–0 | M4: H | N4: England | O4: England | P4: score | Q4: FALSE | R4: FALSE | S4: 0-0 | W4: dados_insuficientes | X4: 2 | Y4: 1 | Z4: 3 | AA4: 0 | AB4: 0 | AC4: 0 | AD4: 0 | AE4: 0 | AF4: 0 | AG4: 0 | AH4: 0 | AI4: 0 | AJ4: 3 | AK4: ok | AL4: -1 | AM4: -1 | AN4: -1 | AO4: -1 | AP4: -1 | AQ4: -1 | AR4: Waldstadion | AS4: Frankfurt | AT4: Germany | AU4: https://raw.githubusercontent.com/jfjelstul/worldcup/master/data-csv/matches.csv | AV4: https://raw.githubusercontent.com/jfjelstul/worldcup/master/data-csv/bookings.csv | AW4: https://footystats.org/c-dl.php?comp=1419&type=matches | AX4: Escanteios por partida indisponiveis no CSV FootyStats desta edicao; nao preencher com estimativa.
A5: 2006 | B5: 2006 FIFA Men's World Cup | C5: M-2006-04 | D5: group stage | E5: Group B | F5: 38878 | G5: 18:00 | H5: Trinidad and Tobago | I5: Sweden | J5: 0 | K5: 0 | L5: 0–0 | M5: D | N5: Draw | P5: draw_no_winner | Q5: FALSE | R5: FALSE | S5: 0-0 | W5: dados_insuficientes | X5: 2 | Y5: 1 | Z5: 3 | AA5: 0 | AB5: 0 | AC5: 0 | AD5: 1 | AE5: 0 | AF5: 1 | AG5: 1 | AH5: 0 | AI5: 1 | AJ5: 4 | AK5: ok | AL5: -1 | AM5: -1 | AN5: -1 | AO5: -1 | AP5: -1 | AQ5: -1 | AR5: Westfalenstadion | AS5: Dortmund | AT5: Germany | AU5: https://raw.githubusercontent.com/jfjelstul/worldcup/master/data-csv/matches.csv | AV5: https://raw.githubusercontent.com/jfjelstul/worldcup/master/data-csv/bookings.csv | AW5: https://footystats.org/c-dl.php?comp=1419&type=matches | AX5: Escanteios por partida indisponiveis no CSV FootyStats desta edicao; nao preencher com estimativa.
A6: 2006 | B6: 2006 FIFA Men's World Cup | C6: M-2006-05 | D6: group stage | E6: Group C | F6: 38878 | G6: 21:00 | H6: Argentina | I6: Ivory Coast | J6: 2 | K6: 1 | L6: 2–1 | M6: H | N6: Argentina | O6: Argentina | P6: score | Q6: FALSE | R6: FALSE | S6: 0-0 | W6: dados_insuficientes | X6: 3 | Y6: 2 | Z6: 5 | AA6: 0 | AB6: 0 | AC6: 0 | AD6: 0 | AE6: 0 | AF6: 0 | AG6: 0 | AH6: 0 | AI6: 0 | AJ6: 5 | AK6: ok | AL6: -1 | AM6: -1 | AN6: -1 | AO6: -1 | AP6: -1 | AQ6: -1 | AR6: Volksparkstadion | AS6: Hamburg | AT6: Germany | AU6: https://raw.githubusercontent.com/jfjelstul/worldcup/master/data-csv/matches.csv | AV6: https://raw.githubusercontent.com/jfjelstul/worldcup/master/data-csv/bookings.csv | AW6: https://footystats.org/c-dl.php?comp=1419&type=matches | AX6: Escanteios por partida indisponiveis no CSV FootyStats desta edicao; nao preencher com estimativa.
A7: 2006 | B7: 2006 FIFA Men's World Cup | C7: M-2006-06 | D7: group stage | E7: Group C | F7: 38879 | G7: 15:00 | H7: Serbia and Montenegro | I7: Netherlands | J7: 0 | K7: 1 | L7: 0–1 | M7: A | N7: Netherlands | O7: Netherlands | P7: score | Q7: FALSE | R7: FALSE | S7: 0-0 | W7: dados_insuficientes | X7: 4 | Y7: 2 | Z7: 6 | AA7: 0 | AB7: 0 | AC7: 0 | AD7: 0 | AE7: 0 | AF7: 0 | AG7: 0 | AH7: 0 | AI7: 0 | AJ7: 6 | AK7: ok | AL7: -1 | AM7: -1 | AN7: -1 | AO7: -1 | AP7: -1 | AQ7: -1 | AR7: Zentralstadion | AS7: Leipzig | AT7: Germany | AU7: https://raw.githubusercontent.com/jfjelstul/worldcup/master/data-csv/matches.csv | AV7: https://raw.githubusercontent.com/jfjelstul/worldcup/master/data-csv/bookings.csv | AW7: https://footystats.org/c-dl.php?comp=1419&type=matches | AX7: Escanteios por partida indisponiveis no CSV FootyStats desta edicao; nao preencher com estimativa.
A8: 2006 | B8: 2006 FIFA Men's World Cup | C8: M-2006-07 | D8: group stage | E8: Group D | F8: 38879 | G8: 18:00 | H8: Mexico | I8: Iran | J8: 3 | K8: 1 | L8: 3–1 | M8: H | N8: Mexico | O8: Mexico | P8: score | Q8: FALSE | R8: FALSE | S8: 0-0 | W8: dados_insuficientes | X8: 2 | Y8: 1 | Z8: 3 | AA8: 0 | AB8: 0 | AC8: 0 | AD8: 0 | AE8: 0 | AF8: 0 | AG8: 0 | AH8: 0 | AI8: 0 | AJ8: 3 | AK8: ok | AL8: -1 | AM8: -1 | AN8: -1 | AO8: -1 | AP8: -1 | AQ8: -1 | AR8: Frankenstadion | AS8: Nuremberg | AT8: Germany | AU8: https://raw.githubusercontent.com/jfjelstul/worldcup/master/data-csv/matches.csv | AV8: https://raw.githubusercontent.com/jfjelstul/worldcup/master/data-csv/bookings.csv | AW8: https://footystats.org/c-dl.php?comp=1419&type=matches | AX8: Escanteios por partida indisponiveis no CSV FootyStats desta edicao; nao preencher com estimativa.
A9: 2006 | B9: 2006 FIFA Men's World Cup | C9: M-2006-08 | D9: group stage | E9: Group D | F9: 38879 | G9: 21:00 | H9: Angola | I9: Portugal | J9: 0 | K9: 1 | L9: 0–1 | M9: A | N9: Portugal | O9: Portugal | P9: score | Q9: FALSE | R9: FALSE | S9: 0-0 | W9: dados_insuficientes | X9: 3 | Y9: 2 | Z9: 5 | AA9: 0 | AB9: 0 | AC9: 0 | AD9: 0 | AE9: 0 | AF9: 0 | AG9: 0 | AH9: 0 | AI9: 0 | AJ9: 5 | AK9: ok | AL9: -1 | AM9: -1 | AN9: -1 | AO9: -1 | AP9: -1 | AQ9: -1 | AR9: RheinEnergieStadion | AS9: Cologne | AT9: Germany | AU9: https://raw.githubusercontent.com/jfjelstul/worldcup/master/data-csv/matches.csv | AV9: https://raw.githubusercontent.com/jfjelstul/worldcup/master/data-csv/bookings.csv | AW9: https://footystats.org/c-dl.php?comp=1419&type=matches | AX9: Escanteios por partida indisponiveis no CSV FootyStats desta edicao; nao preencher com estimativa.
A10: 2006 | B10: 2006 FIFA Men's World Cup | C10: M-2006-09 | D10: group stage | E10: Group F | F10: 38880 | G10: 15:00 | H10: Australia | I10: Japan | J10: 3 | K10: 1 | L10: 3–1 | M10: H | N10: Australia | O10: Australia | P10: score | Q10: FALSE | R10: FALSE | S10: 0-0 | W10: dados_insuficientes | X10: 4 | Y10: 3 | Z10: 7 | AA10: 0 | AB10: 0 | AC10: 0 | AD10: 0 | AE10: 0 | AF10: 0 | AG10: 0 | AH10: 0 | AI10: 0 | AJ10: 7 | AK10: ok | AL10: -1 | AM10: -1 | AN10: -1 | AO10: -1 | AP10: -1 | AQ10: -1 | AR10: Fritz-Walter-Stadion | AS10: Kaiserslautern | AT10: Germany | AU10: https://raw.githubusercontent.com/jfjelstul/worldcup/master/data-csv/matches.csv | AV10: https://raw.githubusercontent.com/jfjelstul/worldcup/master/data-csv/bookings.csv | AW10: https://footystats.org/c-dl.php?comp=1419&type=matches | AX10: Escanteios por partida indisponiveis no CSV FootyStats desta edicao; nao preencher com estimativa.
A11: 2006 | B11: 2006 FIFA Men's World Cup | C11: M-2006-10 | D11: group stage | E11: Group E | F11: 38880 | G11: 18:00 | H11: United States | I11: Czech Republic | J11: 0 | K11: 3 | L11: 0–3 | M11: A | N11: Czech Republic | O11: Czech Republic | P11: score | Q11: FALSE | R11: FALSE | S11: 0-0 | W11: dados_insuficientes | X11: 2 | Y11: 4 | Z11: 6 | AA11: 0 | AB11: 0 | AC11: 0 | AD11: 0 | AE11: 0 | AF11: 0 | AG11: 0 | AH11: 0 | AI11: 0 | AJ11: 6 | AK11: ok | AL11: -1 | AM11: -1 | AN11: -1 | AO11: -1 | AP11: -1 | AQ11: -1 | AR11: Arena AufShalke | AS11: Gelsenkirchen | AT11: Germany | AU11: https://raw.githubusercontent.com/jfjelstul/worldcup/master/data-csv/matches.csv | AV11: https://raw.githubusercontent.com/jfjelstul/worldcup/master/data-csv/bookings.csv | AW11: https://footystats.org/c-dl.php?comp=1419&type=matches | AX11: Escanteios por partida indisponiveis no CSV FootyStats desta edicao; nao preencher com estimativa.
A12: 2006 | B12: 2006 FIFA Men's World Cup | C12: M-2006-11 | D12: group stage | E12: Group E | F12: 38880 | G12: 21:00 | H12: Italy | I12: Ghana | J12: 2 | K12: 0 | L12: 2–0 | M12: H | N12: Italy | O12: Italy | P12: score | Q12: FALSE | R12: FALSE | S12: 0-0 | W12: dados_insuficientes | X12: 3 | Y12: 2 | Z12: 5 | AA12: 0 | AB12: 0 | AC12: 0 | AD12: 0 | AE12: 0 | AF12: 0 | AG12: 0 | AH12: 0 | AI12: 0 | AJ12: 5 | AK12: ok | AL12: -1 | AM12: -1 | AN12: -1 | AO12: -1 | AP12: -1 | AQ12: -1 | AR12: Niedersachsenstadion | AS12: Hanover | AT12: Germany | AU12: https://raw.githubusercontent.com/jfjelstul/worldcup/master/data-csv/matches.csv | AV12: https://raw.githubusercontent.com/jfjelstul/worldcup/master/data-csv/bookings.csv | AW12: https://footystats.org/c-dl.php?comp=1419&type=matches | AX12: Escanteios por partida indisponiveis no CSV FootyStats desta edicao; nao preencher com estimativa.
A13: 2006 | B13: 2006 FIFA Men's World Cup | C13: M-2006-12 | D13: group stage | E13: Group G | F13: 38881 | G13: 15:00 | H13: South Korea | I13: Togo | J13: 2 | K13: 1 | L13: 2–1 | M13: H | N13: South Korea | O13: South Korea | P13: score | Q13: FALSE | R13: FALSE | S13: 0-0 | W13: dados_insuficientes | X13: 2 | Y13: 3 | Z13: 5 | AA13: 0 | AB13: 0 | AC13: 0 | AD13: 0 | AE13: 1 | AF13: 1 | AG13: 0 | AH13: 1 | AI13: 1 | AJ13: 6 | AK13: ok | AL13: -1 | AM13: -1 | AN13: -1 | AO13: -1 | AP13: -1 | AQ13: -1 | AR13: Waldstadion | AS13: Frankfurt | AT13: Germany | AU13: https://raw.githubusercontent.com/jfjelstul/worldcup/master/data-csv/matches.csv | AV13: https://raw.githubusercontent.com/jfjelstul/worldcup/master/data-csv/bookings.csv | AW13: https://footystats.org/c-dl.php?comp=1419&type=matches | AX13: Escanteios por partida indisponiveis no CSV FootyStats desta edicao; nao preencher com estimativa.
A14: 2006 | B14: 2006 FIFA Men's World Cup | C14: M-2006-13 | D14: group stage | E14: Group G | F14: 38881 | G14: 18:00 | H14: France | I14: Switzerland | J14: 0 | K14: 0 | L14: 0–0 | M14: D | N14: Draw | P14: draw_no_winner | Q14: FALSE | R14: FALSE | S14: 0-0 | W14: dados_insuficientes | X14: 3 | Y14: 5 | Z14: 8 | AA14: 0 | AB14: 0 | AC14: 0 | AD14: 0 | AE14: 0 | AF14: 0 | AG14: 0 | AH14: 0 | AI14: 0 | AJ14: 8 | AK14: ok | AL14: -1 | AM14: -1 | AN14: -1 | AO14: -1 | AP14: -1 | AQ14: -1 | AR14: Neckarstadion | AS14: Stuttgart | AT14: Germany | AU14: https://raw.githubusercontent.com/jfjelstul/worldcup/master/data-csv/matches.csv | AV14: https://raw.githubusercontent.com/jfjelstul/worldcup/master/data-csv/bookings.csv | AW14: https://footystats.org/c-dl.php?comp=1419&type=matches | AX14: Escanteios por partida indisponiveis no CSV FootyStats desta edicao; nao preencher com estimativa.
A15: 2006 | B15: 2006 FIFA Men's World Cup | C15: M-2006-14 | D15: group stage | E15: Group F | F15: 38881 | G15: 21:00 | H15: Brazil | I15: Croatia | J15: 1 | K15: 0 | L15: 1–0 | M15: H | N15: Brazil | O15: Brazil | P15: score | Q15: FALSE | R15: FALSE | S15: 0-0 | W15: dados_insuficientes | X15: 1 | Y15: 3 | Z15: 4 | AA15: 0 | AB15: 0 | AC15: 0 | AD15: 0 | AE15: 0 | AF15: 0 | AG15: 0 | AH15: 0 | AI15: 0 | AJ15: 4 | AK15: ok | AL15: -1 | AM15: -1 | AN15: -1 | AO15: -1 | AP15: -1 | AQ15: -1 | AR15: Olympiastadion | AS15: Berlin | AT15: Germany | AU15: https://raw.githubusercontent.com/jfjelstul/worldcup/master/data-csv/matches.csv | AV15: https://raw.githubusercontent.com/jfjelstul/worldcup/master/data-csv/bookings.csv | AW15: https://footystats.org/c-dl.php?comp=1419&type=matches | AX15: Escanteios por partida indisponiveis no CSV FootyStats desta edicao; nao preencher com estimativa.
A16: 2006 | B16: 2006 FIFA Men's World Cup | C16: M-2006-15 | D16: group stage | E16: Group H | F16: 38882 | G16: 15:00 | H16: Spain | I16: Ukraine | J16: 4 | K16: 0 | L16: 4–0 | M16: H | N16: Spain | O16: Spain | P16: score | Q16: FALSE | R16: FALSE | S16: 0-0 | W16: dados_insuficientes | X16: 0 | Y16: 2 | Z16: 2 | AA16: 0 | AB16: 1 | AC16: 1 | AD16: 0 | AE16: 0 | AF16: 0 | AG16: 0 | AH16: 1 | AI16: 1 | AJ16: 3 | AK16: ok | AL16: -1 | AM16: -1 | AN16: -1 | AO16: -1 | AP16: -1 | AQ16: -1 | AR16: Zentralstadion | AS16: Leipzig | AT16: Germany | AU16: https://raw.githubusercontent.com/jfjelstul/worldcup/master/data-csv/matches.csv | AV16: https://raw.githubusercontent.com/jfjelstul/worldcup/master/data-csv/bookings.csv | AW16: https://footystats.org/c-dl.php?comp=1419&type=matches | AX16: Escanteios por partida indisponiveis no CSV FootyStats desta edicao; nao preencher com estimativa.
A17: 2006 | B17: 2006 FIFA Men's World Cup | C17: M-2006-16 | D17: group stage | E17: Group H | F17: 38882 | G17: 18:00 | H17: Tunisia | I17: Saudi Arabia | J17: 2 | K17: 2 | L17: 2–2 | M17: D | N17: Draw | P17: draw_no_winner | Q17: FALSE | R17: FALSE | S17: 0-0 | W17: dados_insuficientes | X17: 4 | Y17: 0 | Z17: 4 | AA17: 0 | AB17: 0 | AC17: 0 | AD17: 0 | AE17: 0 | AF17: 0 | AG17: 0 | AH17: 0 | AI17: 0 | AJ17: 4 | AK17: ok | AL17: -1 | AM17: -1 | AN17: -1 | AO17: -1 | AP17: -1 | AQ17: -1 | AR17: Allianz Arena | AS17: Munich | AT17: Germany | AU17: https://raw.githubusercontent.com/jfjelstul/worldcup/master/data-csv/matches.csv | AV17: https://raw.githubusercontent.com/jfjelstul/worldcup/master/data-csv/bookings.csv | AW17: https://footystats.org/c-dl.php?comp=1419&type=matches | AX17: Escanteios por partida indisponiveis no CSV FootyStats desta edicao; nao preencher com estimativa.
A18: 2006 | B18: 2006 FIFA Men's World Cup | C18: M-2006-17 | D18: group stage | E18: Group A | F18: 38882 | G18: 21:00 | H18: Germany | I18: Poland | J18: 1 | K18: 0 | L18: 1–0 | M18: H | N18: Germany | O18: Germany | P18: score | Q18: FALSE | R18: FALSE | S18: 0-0 | W18: dados_insuficientes | X18: 3 | Y18: 3 | Z18: 6 | AA18: 0 | AB18: 0 | AC18: 0 | AD18: 0 | AE18: 1 | AF18: 1 | AG18: 0 | AH18: 1 | AI18: 1 | AJ18: 7 | AK18: ok | AL18: -1 | AM18: -1 | AN18: -1 | AO18: -1 | AP18: -1 | AQ18: -1 | AR18: Westfalenstadion | AS18: Dortmund | AT18: Germany | AU18: https://raw.githubusercontent.com/jfjelstul/worldcup/master/data-csv/matches.csv | AV18: https://raw.githubusercontent.com/jfjelstul/worldcup/master/data-csv/bookings.csv | AW18: https://footystats.org/c-dl.php?comp=1419&type=matches | AX18: Escanteios por partida indisponiveis no CSV FootyStats desta edicao; nao preencher com estimativa.
A19: 2006 | B19: 2006 FIFA Men's World Cup | C19: M-2006-18 | D19: group stage | E19: Group A | F19: 38883 | G19: 15:00 | H19: Ecuador | I19: Costa Rica | J19: 3 | K19: 0 | L19: 3–0 | M19: H | N19: Ecuador | O19: Ecuador | P19: score | Q19: FALSE | R19: FALSE | S19: 0-0 | W19: dados_insuficientes | X19: 3 | Y19: 2 | Z19: 5 | AA19: 0 | AB19: 0 | AC19: 0 | AD19: 0 | AE19: 0 | AF19: 0 | AG19: 0 | AH19: 0 | AI19: 0 | AJ19: 5 | AK19: ok | AL19: -1 | AM19: -1 | AN19: -1 | AO19: -1 | AP19: -1 | AQ19: -1 | AR19: Volksparkstadion | AS19: Hamburg | AT19: Germany | AU19: https://raw.githubusercontent.com/jfjelstul/worldcup/master/data-csv/matches.csv | AV19: https://raw.githubusercontent.com/jfjelstul/worldcup/master/data-csv/bookings.csv | AW19: https://footystats.org/c-dl.php?comp=1419&type=matches | AX19: Escanteios por partida indisponiveis no CSV FootyStats desta edicao; nao preencher com estimativa.
A20: 2006 | B20: 2006 FIFA Men's World Cup | C20: M-2006-19 | D20: group stage | E20: Group B | F20: 38883 | G20: 18:00 | H20: England | I20: Trinidad and Tobago | J20: 2 | K20: 0 | L20: 2–0 | M20: H | N20: England | O20: England | P20: score | Q20: FALSE | R20: FALSE | S20: 0-0 | W20: dados_insuficientes | X20: 1 | Y20: 5 | Z20: 6 | AA20: 0 | AB20: 0 | AC20: 0 | AD20: 0 | AE20: 0 | AF20: 0 | AG20: 0 | AH20: 0 | AI20: 0 | AJ20: 6 | AK20: ok | AL20: -1 | AM20: -1 | AN20: -1 | AO20: -1 | AP20: -1 | AQ20: -1 | AR20: Frankenstadion | AS20: Nuremberg | AT20: Germany | AU20: https://raw.githubusercontent.com/jfjelstul/worldcup/master/data-csv/matches.csv | AV20: https://raw.githubusercontent.com/jfjelstul/worldcup/master/data-csv/bookings.csv | AW20: https://footystats.org/c-dl.php?comp=1419&type=matches | AX20: Escanteios por partida indisponiveis no CSV FootyStats desta edicao; nao preencher com estimativa.
A21: 2006 | B21: 2006 FIFA Men's World Cup | C21: M-2006-20 | D21: group stage | E21: Group B | F21: 38883 | G21: 21:00 | H21: Sweden | I21: Paraguay | J21: 1 | K21: 0 | L21: 1–0 | M21: H | N21: Sweden | O21: Sweden | P21: score | Q21: FALSE | R21: FALSE | S21: 0-0 | W21: dados_insuficientes | X21: 3 | Y21: 5 | Z21: 8 | AA21: 0 | AB21: 0 | AC21: 0 | AD21: 0 | AE21: 0 | AF21: 0 | AG21: 0 | AH21: 0 | AI21: 0 | AJ21: 8 | AK21: ok | AL21: -1 | AM21: -1 | AN21: -1 | AO21: -1 | AP21: -1 | AQ21: -1 | AR21: Olympiastadion | AS21: Berlin | AT21: Germany | AU21: https://raw.githubusercontent.com/jfjelstul/worldcup/master/data-csv/matches.csv | AV21: https://raw.githubusercontent.com/jfjelstul/worldcup/master/data-csv/bookings.csv | AW21: https://footystats.org/c-dl.php?comp=1419&type=matches | AX21: Escanteios por partida indisponiveis no CSV FootyStats desta edicao; nao preencher com estimativa.
A22: 2006 | B22: 2006 FIFA Men's World Cup | C22: M-2006-21 | D22: group stage | E22: Group C | F22: 38884 | G22: 15:00 | H22: Argentina | I22: Serbia and Montenegro | J22: 6 | K22: 0 | L22: 6–0 | M22: H | N22: Argentina | O22: Argentina | P22: score | Q22: FALSE | R22: FALSE | S22: 0-0 | W22: dados_insuficientes | X22: 1 | Y22: 3 | Z22: 4 | AA22: 0 | AB22: 1 | AC22: 1 | AD22: 0 | AE22: 0 | AF22: 0 | AG22: 0 | AH22: 1 | AI22: 1 | AJ22: 5 | AK22: ok | AL22: -1 | AM22: -1 | AN22: -1 | AO22: -1 | AP22: -1 | AQ22: -1 | AR22: Arena AufShalke | AS22: Gelsenkirchen | AT22: Germany | AU22: https://raw.githubusercontent.com/jfjelstul/worldcup/master/data-csv/matches.csv | AV22: https://raw.githubusercontent.com/jfjelstul/worldcup/master/data-csv/bookings.csv | AW22: https://footystats.org/c-dl.php?comp=1419&type=matches | AX22: Escanteios por partida indisponiveis no CSV FootyStats desta edicao; nao preencher com estimativa.
A23: 2006 | B23: 2006 FIFA Men's World Cup | C23: M-2006-22 | D23: group stage | E23: Group C | F23: 38884 | G23: 18:00 | H23: Netherlands | I23: Ivory Coast | J23: 2 | K23: 1 | L23: 2–1 | M23: H | N23: Netherlands | O23: Netherlands | P23: score | Q23: FALSE | R23: FALSE | S23: 0-0 | W23: dados_insuficientes | X23: 4 | Y23: 3 | Z23: 7 | AA23: 0 | AB23: 0 | AC23: 0 | AD23: 0 | AE23: 0 | AF23: 0 | AG23: 0 | AH23: 0 | AI23: 0 | AJ23: 7 | AK23: ok | AL23: -1 | AM23: -1 | AN23: -1 | AO23: -1 | AP23: -1 | AQ23: -1 | AR23: Neckarstadion | AS23: Stuttgart | AT23: Germany | AU23: https://raw.githubusercontent.com/jfjelstul/worldcup/master/data-csv/matches.csv | AV23: https://raw.githubusercontent.com/jfjelstul/worldcup/master/data-csv/bookings.csv | AW23: https://footystats.org/c-dl.php?comp=1419&type=matches | AX23: Escanteios por partida indisponiveis no CSV FootyStats desta edicao; nao preencher com estimativa.
A24: 2006 | B24: 2006 FIFA Men's World Cup | C24: M-2006-23 | D24: group stage | E24: Group D | F24: 38884 | G24: 21:00 | H24: Mexico | I24: Angola | J24: 0 | K24: 0 | L24: 0–0 | M24: D | N24: Draw | P24: draw_no_winner | Q24: FALSE | R24: FALSE | S24: 0-0 | W24: dados_insuficientes | X24: 1 | Y24: 4 | Z24: 5 | AA24: 0 | AB24: 0 | AC24: 0 | AD24: 0 | AE24: 1 | AF24: 1 | AG24: 0 | AH24: 1 | AI24: 1 | AJ24: 6 | AK24: ok | AL24: -1 | AM24: -1 | AN24: -1 | AO24: -1 | AP24: -1 | AQ24: -1 | AR24: Niedersachsenstadion | AS24: Hanover | AT24: Germany | AU24: https://raw.githubusercontent.com/jfjelstul/worldcup/master/data-csv/matches.csv | AV24: https://raw.githubusercontent.com/jfjelstul/worldcup/master/data-csv/bookings.csv | AW24: https://footystats.org/c-dl.php?comp=1419&type=matches | AX24: Escanteios por partida indisponiveis no CSV FootyStats desta edicao; nao preencher com estimativa.
A25: 2006 | B25: 2006 FIFA Men's World Cup | C25: M-2006-24 | D25: group stage | E25: Group D | F25: 38885 | G25: 15:00 | H25: Portugal | I25: Iran | J25: 2 | K25: 0 | L25: 2–0 | M25: H | N25: Portugal | O25: Portugal | P25: score | Q25: FALSE | R25: FALSE | S25: 0-0 | W25: dados_insuficientes | X25: 3 | Y25: 4 | Z25: 7 | AA25: 0 | AB25: 0 | AC25: 0 | AD25: 0 | AE25: 0 | AF25: 0 | AG25: 0 | AH25: 0 | AI25: 0 | AJ25: 7 | AK25: ok | AL25: -1 | AM25: -1 | AN25: -1 | AO25: -1 | AP25: -1 | AQ25: -1 | AR25: Waldstadion | AS25: Frankfurt | AT25: Germany | AU25: https://raw.githubusercontent.com/jfjelstul/worldcup/master/data-csv/matches.csv | AV25: https://raw.githubusercontent.com/jfjelstul/worldcup/master/data-csv/bookings.csv | AW25: https://footystats.org/c-dl.php?comp=1419&type=matches | AX25: Escanteios por partida indisponiveis no CSV FootyStats desta edicao; nao preencher com estimativa.
A26: 2006 | B26: 2006 FIFA Men's World Cup | C26: M-2006-25 | D26: group stage | E26: Group E | F26: 38885 | G26: 18:00 | H26: Czech Republic | I26: Ghana | J26: 0 | K26: 2 | L26: 0–2 | M26: A | N26: Ghana | O26: Ghana | P26: score | Q26: FALSE | R26: FALSE | S26: 0-0 | W26: dados_insuficientes | X26: 1 | Y26: 6 | Z26: 7 | AA26: 1 | AB26: 0 | AC26: 1 | AD26: 0 | AE26: 0 | AF26: 0 | AG26: 1 | AH26: 0 | AI26: 1 | AJ26: 8 | AK26: ok | AL26: -1 | AM26: -1 | AN26: -1 | AO26: -1 | AP26: -1 | AQ26: -1 | AR26: RheinEnergieStadion | AS26: Cologne | AT26: Germany | AU26: https://raw.githubusercontent.com/jfjelstul/worldcup/master/data-csv/matches.csv | AV26: https://raw.githubusercontent.com/jfjelstul/worldcup/master/data-csv/bookings.csv | AW26: https://footystats.org/c-dl.php?comp=1419&type=matches | AX26: Escanteios por partida indisponiveis no CSV FootyStats desta edicao; nao preencher com estimativa.
A27: 2006 | B27: 2006 FIFA Men's World Cup | C27: M-2006-26 | D27: group stage | E27: Group E | F27: 38885 | G27: 21:00 | H27: Italy | I27: United States | J27: 1 | K27: 1 | L27: 1–1 | M27: D | N27: Draw | P27: draw_no_winner | Q27: FALSE | R27: FALSE | S27: 0-0 | W27: dados_insuficientes | X27: 2 | Y27: 1 | Z27: 3 | AA27: 1 | AB27: 1 | AC27: 2 | AD27: 0 | AE27: 1 | AF27: 1 | AG27: 1 | AH27: 2 | AI27: 3 | AJ27: 6 | AK27: ok | AL27: -1 | AM27: -1 | AN27: -1 | AO27: -1 | AP27: -1 | AQ27: -1 | AR27: Fritz-Walter-Stadion | AS27: Kaiserslautern | AT27: Germany | AU27: https://raw.githubusercontent.com/jfjelstul/worldcup/master/data-csv/matches.csv | AV27: https://raw.githubusercontent.com/jfjelstul/worldcup/master/data-csv/bookings.csv | AW27: https://footystats.org/c-dl.php?comp=1419&type=matches | AX27: Escanteios por partida indisponiveis no CSV FootyStats desta edicao; nao preencher com estimativa.
A28: 2006 | B28: 2006 FIFA Men's World Cup | C28: M-2006-27 | D28: group stage | E28: Group F | F28: 38886 | G28: 15:00 | H28: Japan | I28: Croatia | J28: 0 | K28: 0 | L28: 0–0 | M28: D | N28: Draw | P28: draw_no_winner | Q28: FALSE | R28: FALSE | S28: 0-0 | W28: dados_insuficientes | X28: 3 | Y28: 2 | Z28: 5 | AA28: 0 | AB28: 0 | AC28: 0 | AD28: 0 | AE28: 0 | AF28: 0 | AG28: 0 | AH28: 0 | AI28: 0 | AJ28: 5 | AK28: ok | AL28: -1 | AM28: -1 | AN28: -1 | AO28: -1 | AP28: -1 | AQ28: -1 | AR28: Frankenstadion | AS28: Nuremberg | AT28: Germany | AU28: https://raw.githubusercontent.com/jfjelstul/worldcup/master/data-csv/matches.csv | AV28: https://raw.githubusercontent.com/jfjelstul/worldcup/master/data-csv/bookings.csv | AW28: https://footystats.org/c-dl.php?comp=1419&type=matches | AX28: Escanteios por partida indisponiveis no CSV FootyStats desta edicao; nao preencher com estimativa.
A29: 2006 | B29: 2006 FIFA Men's World Cup | C29: M-2006-28 | D29: group stage | E29: Group F | F29: 38886 | G29: 18:00 | H29: Brazil | I29: Australia | J29: 2 | K29: 0 | L29: 2–0 | M29: H | N29: Brazil | O29: Brazil | P29: score | Q29: FALSE | R29: FALSE | S29: 0-0 | W29: dados_insuficientes | X29: 3 | Y29: 2 | Z29: 5 | AA29: 0 | AB29: 0 | AC29: 0 | AD29: 0 | AE29: 0 | AF29: 0 | AG29: 0 | AH29: 0 | AI29: 0 | AJ29: 5 | AK29: ok | AL29: -1 | AM29: -1 | AN29: -1 | AO29: -1 | AP29: -1 | AQ29: -1 | AR29: Allianz Arena | AS29: Munich | AT29: Germany | AU29: https://raw.githubusercontent.com/jfjelstul/worldcup/master/data-csv/matches.csv | AV29: https://raw.githubusercontent.com/jfjelstul/worldcup/master/data-csv/bookings.csv | AW29: https://footystats.org/c-dl.php?comp=1419&type=matches | AX29: Escanteios por partida indisponiveis no CSV FootyStats desta edicao; nao preencher com estimativa.
A30: 2006 | B30: 2006 FIFA Men's World Cup | C30: M-2006-29 | D30: group stage | E30: Group G | F30: 38886 | G30: 21:00 | H30: France | I30: South Korea | J30: 1 | K30: 1 | L30: 1–1 | M30: D | N30: Draw | P30: draw_no_winner | Q30: FALSE | R30: FALSE | S30: 0-0 | W30: dados_insuficientes | X30: 2 | Y30: 2 | Z30: 4 | AA30: 0 | AB30: 0 | AC30: 0 | AD30: 0 | AE30: 0 | AF30: 0 | AG30: 0 | AH30: 0 | AI30: 0 | AJ30: 4 | AK30: ok | AL30: -1 | AM30: -1 | AN30: -1 | AO30: -1 | AP30: -1 | AQ30: -1 | AR30: Zentralstadion | AS30: Leipzig | AT30: Germany | AU30: https://raw.githubusercontent.com/jfjelstul/worldcup/master/data-csv/matches.csv | AV30: https://raw.githubusercontent.com/jfjelstul/worldcup/master/data-csv/bookings.csv | AW30: https://footystats.org/c-dl.php?comp=1419&type=matches | AX30: Escanteios por partida indisponiveis no CSV FootyStats desta edicao; nao preencher com estimativa.
A31: 2006 | B31: 2006 FIFA Men's World Cup | C31: M-2006-30 | D31: group stage | E31: Group G | F31: 38887 | G31: 15:00 | H31: Togo | I31: Switzerland | J31: 0 | K31: 2 | L31: 0–2 | M31: A | N31: Switzerland | O31: Switzerland | P31: score | Q31: FALSE | R31: FALSE | S31: 0-0 | W31: dados_insuficientes | X31: 3 | Y31: 1 | Z31: 4 | AA31: 0 | AB31: 0 | AC31: 0 | AD31: 0 | AE31: 0 | AF31: 0 | AG31: 0 | AH31: 0 | AI31: 0 | AJ31: 4 | AK31: ok | AL31: -1 | AM31: -1 | AN31: -1 | AO31: -1 | AP31: -1 | AQ31: -1 | AR31: Westfalenstadion | AS31: Dortmund | AT31: Germany | AU31: https://raw.githubusercontent.com/jfjelstul/worldcup/master/data-csv/matches.csv | AV31: https://raw.githubusercontent.com/jfjelstul/worldcup/master/data-csv/bookings.csv | AW31: https://footystats.org/c-dl.php?comp=1419&type=matches | AX31: Escanteios por partida indisponiveis no CSV FootyStats desta edicao; nao preencher com estimativa.
A32: 2006 | B32: 2006 FIFA Men's World Cup | C32: M-2006-31 | D32: group stage | E32: Group H | F32: 38887 | G32: 18:00 | H32: Saudi Arabia | I32: Ukraine | J32: 0 | K32: 4 | L32: 0–4 | M32: A | N32: Ukraine | O32: Ukraine | P32: score | Q32: FALSE | R32: FALSE | S32: 0-0 | W32: dados_insuficientes | X32: 3 | Y32: 3 | Z32: 6 | AA32: 0 | AB32: 0 | AC32: 0 | AD32: 0 | AE32: 0 | AF32: 0 | AG32: 0 | AH32: 0 | AI32: 0 | AJ32: 6 | AK32: ok | AL32: -1 | AM32: -1 | AN32: -1 | AO32: -1 | AP32: -1 | AQ32: -1 | AR32: Volksparkstadion | AS32: Hamburg | AT32: Germany | AU32: https://raw.githubusercontent.com/jfjelstul/worldcup/master/data-csv/matches.csv | AV32: https://raw.githubusercontent.com/jfjelstul/worldcup/master/data-csv/bookings.csv | AW32: https://footystats.org/c-dl.php?comp=1419&type=matches | AX32: Escanteios por partida indisponiveis no CSV FootyStats desta edicao; nao preencher com estimativa.
A33: 2006 | B33: 2006 FIFA Men's World Cup | C33: M-2006-32 | D33: group stage | E33: Group H | F33: 38887 | G33: 21:00 | H33: Spain | I33: Tunisia | J33: 3 | K33: 1 | L33: 3–1 | M33: H | N33: Spain | O33: Spain | P33: score | Q33: FALSE | R33: FALSE | S33: 0-0 | W33: dados_insuficientes | X33: 2 | Y33: 6 | Z33: 8 | AA33: 0 | AB33: 0 | AC33: 0 | AD33: 0 | AE33: 0 | AF33: 0 | AG33: 0 | AH33: 0 | AI33: 0 | AJ33: 8 | AK33: ok | AL33: -1 | AM33: -1 | AN33: -1 | AO33: -1 | AP33: -1 | AQ33: -1 | AR33: Neckarstadion | AS33: Stuttgart | AT33: Germany | AU33: https://raw.githubusercontent.com/jfjelstul/worldcup/master/data-csv/matches.csv | AV33: https://raw.githubusercontent.com/jfjelstul/worldcup/master/data-csv/bookings.csv | AW33: https://footystats.org/c-dl.php?comp=1419&type=matches | AX33: Escanteios por partida indisponiveis no CSV FootyStats desta edicao; nao preencher com estimativa.
A34: 2006 | B34: 2006 FIFA Men's World Cup | C34: M-2006-33 | D34: group stage | E34: Group A | F34: 38888 | G34: 16:00 | H34: Costa Rica | I34: Poland | J34: 1 | K34: 2 | L34: 1–2 | M34: A | N34: Poland | O34: Poland | P34: score | Q34: FALSE | R34: FALSE | S34: 0-0 | W34: dados_insuficientes | X34: 5 | Y34: 5 | Z34: 10 | AA34: 0 | AB34: 0 | AC34: 0 | AD34: 0 | AE34: 0 | AF34: 0 | AG34: 0 | AH34: 0 | AI34: 0 | AJ34: 10 | AK34: ok | AL34: -1 | AM34: -1 | AN34: -1 | AO34: -1 | AP34: -1 | AQ34: -1 | AR34: Niedersachsenstadion | AS34: Hanover | AT34: Germany | AU34: https://raw.githubusercontent.com/jfjelstul/worldcup/master/data-csv/matches.csv | AV34: https://raw.githubusercontent.com/jfjelstul/worldcup/master/data-csv/bookings.csv | AW34: https://footystats.org/c-dl.php?comp=1419&type=matches | AX34: Escanteios por partida indisponiveis no CSV FootyStats desta edicao; nao preencher com estimativa.
A35: 2006 | B35: 2006 FIFA Men's World Cup | C35: M-2006-34 | D35: group stage | E35: Group A | F35: 38888 | G35: 16:00 | H35: Ecuador | I35: Germany | J35: 0 | K35: 3 | L35: 0–3 | M35: A | N35: Germany | O35: Germany | P35: score | Q35: FALSE | R35: FALSE | S35: 0-0 | W35: dados_insuficientes | X35: 1 | Y35: 1 | Z35: 2 | AA35: 0 | AB35: 0 | AC35: 0 | AD35: 0 | AE35: 0 | AF35: 0 | AG35: 0 | AH35: 0 | AI35: 0 | AJ35: 2 | AK35: ok | AL35: -1 | AM35: -1 | AN35: -1 | AO35: -1 | AP35: -1 | AQ35: -1 | AR35: Olympiastadion | AS35: Berlin | AT35: Germany | AU35: https://raw.githubusercontent.com/jfjelstul/worldcup/master/data-csv/matches.csv | AV35: https://raw.githubusercontent.com/jfjelstul/worldcup/master/data-csv/bookings.csv | AW35: https://footystats.org/c-dl.php?comp=1419&type=matches | AX35: Escanteios por partida indisponiveis no CSV FootyStats desta edicao; nao preencher com estimativa.
A36: 2006 | B36: 2006 FIFA Men's World Cup | C36: M-2006-35 | D36: group stage | E36: Group B | F36: 38888 | G36: 21:00 | H36: Paraguay | I36: Trinidad and Tobago | J36: 2 | K36: 0 | L36: 2–0 | M36: H | N36: Paraguay | O36: Paraguay | P36: score | Q36: FALSE | R36: FALSE | S36: 0-0 | W36: dados_insuficientes | X36: 2 | Y36: 2 | Z36: 4 | AA36: 0 | AB36: 0 | AC36: 0 | AD36: 0 | AE36: 0 | AF36: 0 | AG36: 0 | AH36: 0 | AI36: 0 | AJ36: 4 | AK36: ok | AL36: -1 | AM36: -1 | AN36: -1 | AO36: -1 | AP36: -1 | AQ36: -1 | AR36: Fritz-Walter-Stadion | AS36: Kaiserslautern | AT36: Germany | AU36: https://raw.githubusercontent.com/jfjelstul/worldcup/master/data-csv/matches.csv | AV36: https://raw.githubusercontent.com/jfjelstul/worldcup/master/data-csv/bookings.csv | AW36: https://footystats.org/c-dl.php?comp=1419&type=matches | AX36: Escanteios por partida indisponiveis no CSV FootyStats desta edicao; nao preencher com estimativa.
A37: 2006 | B37: 2006 FIFA Men's World Cup | C37: M-2006-36 | D37: group stage | E37: Group B | F37: 38888 | G37: 21:00 | H37: Sweden | I37: England | J37: 2 | K37: 2 | L37: 2–2 | M37: D | N37: Draw | P37: draw_no_winner | Q37: FALSE | R37: FALSE | S37: 0-0 | W37: dados_insuficientes | X37: 2 | Y37: 1 | Z37: 3 | AA37: 0 | AB37: 0 | AC37: 0 | AD37: 0 | AE37: 0 | AF37: 0 | AG37: 0 | AH37: 0 | AI37: 0 | AJ37: 3 | AK37: ok | AL37: -1 | AM37: -1 | AN37: -1 | AO37: -1 | AP37: -1 | AQ37: -1 | AR37: RheinEnergieStadion | AS37: Cologne | AT37: Germany | AU37: https://raw.githubusercontent.com/jfjelstul/worldcup/master/data-csv/matches.csv | AV37: https://raw.githubusercontent.com/jfjelstul/worldcup/master/data-csv/bookings.csv | AW37: https://footystats.org/c-dl.php?comp=1419&type=matches | AX37: Escanteios por partida indisponiveis no CSV FootyStats desta edicao; nao preencher com estimativa.
A38: 2006 | B38: 2006 FIFA Men's World Cup | C38: M-2006-37 | D38: group stage | E38: Group D | F38: 38889 | G38: 16:00 | H38: Iran | I38: Angola | J38: 1 | K38: 1 | L38: 1–1 | M38: D | N38: Draw | P38: draw_no_winner | Q38: FALSE | R38: FALSE | S38: 0-0 | W38: dados_insuficientes | X38: 3 | Y38: 3 | Z38: 6 | AA38: 0 | AB38: 0 | AC38: 0 | AD38: 0 | AE38: 0 | AF38: 0 | AG38: 0 | AH38: 0 | AI38: 0 | AJ38: 6 | AK38: ok | AL38: -1 | AM38: -1 | AN38: -1 | AO38: -1 | AP38: -1 | AQ38: -1 | AR38: Zentralstadion | AS38: Leipzig | AT38: Germany | AU38: https://raw.githubusercontent.com/jfjelstul/worldcup/master/data-csv/matches.csv | AV38: https://raw.githubusercontent.com/jfjelstul/worldcup/master/data-csv/bookings.csv | AW38: https://footystats.org/c-dl.php?comp=1419&type=matches | AX38: Escanteios por partida indisponiveis no CSV FootyStats desta edicao; nao preencher com estimativa.
A39: 2006 | B39: 2006 FIFA Men's World Cup | C39: M-2006-38 | D39: group stage | E39: Group D | F39: 38889 | G39: 16:00 | H39: Portugal | I39: Mexico | J39: 2 | K39: 1 | L39: 2–1 | M39: H | N39: Portugal | O39: Portugal | P39: score | Q39: FALSE | R39: FALSE | S39: 0-0 | W39: dados_insuficientes | X39: 4 | Y39: 4 | Z39: 8 | AA39: 0 | AB39: 0 | AC39: 0 | AD39: 0 | AE39: 1 | AF39: 1 | AG39: 0 | AH39: 1 | AI39: 1 | AJ39: 9 | AK39: ok | AL39: -1 | AM39: -1 | AN39: -1 | AO39: -1 | AP39: -1 | AQ39: -1 | AR39: Arena AufShalke | AS39: Gelsenkirchen | AT39: Germany | AU39: https://raw.githubusercontent.com/jfjelstul/worldcup/master/data-csv/matches.csv | AV39: https://raw.githubusercontent.com/jfjelstul/worldcup/master/data-csv/bookings.csv | AW39: https://footystats.org/c-dl.php?comp=1419&type=matches | AX39: Escanteios por partida indisponiveis no CSV FootyStats desta edicao; nao preencher com estimativa.
A40: 2006 | B40: 2006 FIFA Men's World Cup | C40: M-2006-39 | D40: group stage | E40: Group C | F40: 38889 | G40: 21:00 | H40: Ivory Coast | I40: Serbia and Montenegro | J40: 3 | K40: 2 | L40: 3–2 | M40: H | N40: Ivory Coast | O40: Ivory Coast | P40: score | Q40: FALSE | R40: FALSE | S40: 0-0 | W40: dados_insuficientes | X40: 3 | Y40: 4 | Z40: 7 | AA40: 0 | AB40: 0 | AC40: 0 | AD40: 1 | AE40: 1 | AF40: 2 | AG40: 1 | AH40: 1 | AI40: 2 | AJ40: 9 | AK40: ok | AL40: -1 | AM40: -1 | AN40: -1 | AO40: -1 | AP40: -1 | AQ40: -1 | AR40: Allianz Arena | AS40: Munich | AT40: Germany | AU40: https://raw.githubusercontent.com/jfjelstul/worldcup/master/data-csv/matches.csv | AV40: https://raw.githubusercontent.com/jfjelstul/worldcup/master/data-csv/bookings.csv | AW40: https://footystats.org/c-dl.php?comp=1419&type=matches | AX40: Escanteios por partida indisponiveis no CSV FootyStats desta edicao; nao preencher com estimativa.
A41: 2006 | B41: 2006 FIFA Men's World Cup | C41: M-2006-40 | D41: group stage | E41: Group C | F41: 38889 | G41: 21:00 | H41: Netherlands | I41: Argentina | J41: 0 | K41: 0 | L41: 0–0 | M41: D | N41: Draw | P41: draw_no_winner | Q41: FALSE | R41: FALSE | S41: 0-0 | W41: dados_insuficientes | X41: 3 | Y41: 2 | Z41: 5 | AA41: 0 | AB41: 0 | AC41: 0 | AD41: 0 | AE41: 0 | AF41: 0 | AG41: 0 | AH41: 0 | AI41: 0 | AJ41: 5 | AK41: ok | AL41: -1 | AM41: -1 | AN41: -1 | AO41: -1 | AP41: -1 | AQ41: -1 | AR41: Waldstadion | AS41: Frankfurt | AT41: Germany | AU41: https://raw.githubusercontent.com/jfjelstul/worldcup/master/data-csv/matches.csv | AV41: https://raw.githubusercontent.com/jfjelstul/worldcup/master/data-csv/bookings.csv | AW41: https://footystats.org/c-dl.php?comp=1419&type=matches | AX41: Escanteios por partida indisponiveis no CSV FootyStats desta edicao; nao preencher com estimativa.
A42: 2006 | B42: 2006 FIFA Men's World Cup | C42: M-2006-41 | D42: group stage | E42: Group E | F42: 38890 | G42: 16:00 | H42: Czech Republic | I42: Italy | J42: 0 | K42: 2 | L42: 0–2 | M42: A | N42: Italy | O42: Italy | P42: score | Q42: FALSE | R42: FALSE | S42: 0-0 | W42: dados_insuficientes | X42: 1 | Y42: 1 | Z42: 2 | AA42: 0 | AB42: 0 | AC42: 0 | AD42: 1 | AE42: 0 | AF42: 1 | AG42: 1 | AH42: 0 | AI42: 1 | AJ42: 3 | AK42: ok | AL42: -1 | AM42: -1 | AN42: -1 | AO42: -1 | AP42: -1 | AQ42: -1 | AR42: Volksparkstadion | AS42: Hamburg | AT42: Germany | AU42: https://raw.githubusercontent.com/jfjelstul/worldcup/master/data-csv/matches.csv | AV42: https://raw.githubusercontent.com/jfjelstul/worldcup/master/data-csv/bookings.csv | AW42: https://footystats.org/c-dl.php?comp=1419&type=matches | AX42: Escanteios por partida indisponiveis no CSV FootyStats desta edicao; nao preencher com estimativa.
A43: 2006 | B43: 2006 FIFA Men's World Cup | C43: M-2006-42 | D43: group stage | E43: Group E | F43: 38890 | G43: 16:00 | H43: Ghana | I43: United States | J43: 2 | K43: 1 | L43: 2–1 | M43: H | N43: Ghana | O43: Ghana | P43: score | Q43: FALSE | R43: FALSE | S43: 0-0 | W43: dados_insuficientes | X43: 4 | Y43: 1 | Z43: 5 | AA43: 0 | AB43: 0 | AC43: 0 | AD43: 0 | AE43: 0 | AF43: 0 | AG43: 0 | AH43: 0 | AI43: 0 | AJ43: 5 | AK43: ok | AL43: -1 | AM43: -1 | AN43: -1 | AO43: -1 | AP43: -1 | AQ43: -1 | AR43: Frankenstadion | AS43: Nuremberg | AT43: Germany | AU43: https://raw.githubusercontent.com/jfjelstul/worldcup/master/data-csv/matches.csv | AV43: https://raw.githubusercontent.com/jfjelstul/worldcup/master/data-csv/bookings.csv | AW43: https://footystats.org/c-dl.php?comp=1419&type=matches | AX43: Escanteios por partida indisponiveis no CSV FootyStats desta edicao; nao preencher com estimativa.
A44: 2006 | B44: 2006 FIFA Men's World Cup | C44: M-2006-43 | D44: group stage | E44: Group F | F44: 38890 | G44: 21:00 | H44: Croatia | I44: Australia | J44: 2 | K44: 2 | L44: 2–2 | M44: D | N44: Draw | P44: draw_no_winner | Q44: FALSE | R44: FALSE | S44: 0-0 | W44: dados_insuficientes | X44: 4 | Y44: 1 | Z44: 5 | AA44: 0 | AB44: 0 | AC44: 0 | AD44: 2 | AE44: 1 | AF44: 3 | AG44: 2 | AH44: 1 | AI44: 3 | AJ44: 8 | AK44: ok | AL44: -1 | AM44: -1 | AN44: -1 | AO44: -1 | AP44: -1 | AQ44: -1 | AR44: Neckarstadion | AS44: Stuttgart | AT44: Germany | AU44: https://raw.githubusercontent.com/jfjelstul/worldcup/master/data-csv/matches.csv | AV44: https://raw.githubusercontent.com/jfjelstul/worldcup/master/data-csv/bookings.csv | AW44: https://footystats.org/c-dl.php?comp=1419&type=matches | AX44: Escanteios por partida indisponiveis no CSV FootyStats desta edicao; nao preencher com estimativa.
A45: 2006 | B45: 2006 FIFA Men's World Cup | C45: M-2006-44 | D45: group stage | E45: Group F | F45: 38890 | G45: 21:00 | H45: Japan | I45: Brazil | J45: 1 | K45: 4 | L45: 1–4 | M45: A | N45: Brazil | O45: Brazil | P45: score | Q45: FALSE | R45: FALSE | S45: 0-0 | W45: dados_insuficientes | X45: 1 | Y45: 1 | Z45: 2 | AA45: 0 | AB45: 0 | AC45: 0 | AD45: 0 | AE45: 0 | AF45: 0 | AG45: 0 | AH45: 0 | AI45: 0 | AJ45: 2 | AK45: ok | AL45: -1 | AM45: -1 | AN45: -1 | AO45: -1 | AP45: -1 | AQ45: -1 | AR45: Westfalenstadion | AS45: Dortmund | AT45: Germany | AU45: https://raw.githubusercontent.com/jfjelstul/worldcup/master/data-csv/matches.csv | AV45: https://raw.githubusercontent.com/jfjelstul/worldcup/master/data-csv/bookings.csv | AW45: https://footystats.org/c-dl.php?comp=1419&type=matches | AX45: Escanteios por partida indisponiveis no CSV FootyStats desta edicao; nao preencher com estimativa.
A46: 2006 | B46: 2006 FIFA Men's World Cup | C46: M-2006-45 | D46: group stage | E46: Group H | F46: 38891 | G46: 16:00 | H46: Saudi Arabia | I46: Spain | J46: 0 | K46: 1 | L46: 0–1 | M46: A | N46: Spain | O46: Spain | P46: score | Q46: FALSE | R46: FALSE | S46: 0-0 | W46: dados_insuficientes | X46: 2 | Y46: 3 | Z46: 5 | AA46: 0 | AB46: 0 | AC46: 0 | AD46: 0 | AE46: 0 | AF46: 0 | AG46: 0 | AH46: 0 | AI46: 0 | AJ46: 5 | AK46: ok | AL46: -1 | AM46: -1 | AN46: -1 | AO46: -1 | AP46: -1 | AQ46: -1 | AR46: Fritz-Walter-Stadion | AS46: Kaiserslautern | AT46: Germany | AU46: https://raw.githubusercontent.com/jfjelstul/worldcup/master/data-csv/matches.csv | AV46: https://raw.githubusercontent.com/jfjelstul/worldcup/master/data-csv/bookings.csv | AW46: https://footystats.org/c-dl.php?comp=1419&type=matches | AX46: Escanteios por partida indisponiveis no CSV FootyStats desta edicao; nao preencher com estimativa.
A47: 2006 | B47: 2006 FIFA Men's World Cup | C47: M-2006-46 | D47: group stage | E47: Group H | F47: 38891 | G47: 16:00 | H47: Ukraine | I47: Tunisia | J47: 1 | K47: 0 | L47: 1–0 | M47: H | N47: Ukraine | O47: Ukraine | P47: score | Q47: FALSE | R47: FALSE | S47: 0-0 | W47: dados_insuficientes | X47: 4 | Y47: 3 | Z47: 7 | AA47: 0 | AB47: 0 | AC47: 0 | AD47: 0 | AE47: 1 | AF47: 1 | AG47: 0 | AH47: 1 | AI47: 1 | AJ47: 8 | AK47: ok | AL47: -1 | AM47: -1 | AN47: -1 | AO47: -1 | AP47: -1 | AQ47: -1 | AR47: Olympiastadion | AS47: Berlin | AT47: Germany | AU47: https://raw.githubusercontent.com/jfjelstul/worldcup/master/data-csv/matches.csv | AV47: https://raw.githubusercontent.com/jfjelstul/worldcup/master/data-csv/bookings.csv | AW47: https://footystats.org/c-dl.php?comp=1419&type=matches | AX47: Escanteios por partida indisponiveis no CSV FootyStats desta edicao; nao preencher com estimativa.
A48: 2006 | B48: 2006 FIFA Men's World Cup | C48: M-2006-47 | D48: group stage | E48: Group G | F48: 38891 | G48: 21:00 | H48: Switzerland | I48: South Korea | J48: 2 | K48: 0 | L48: 2–0 | M48: H | N48: Switzerland | O48: Switzerland | P48: score | Q48: FALSE | R48: FALSE | S48: 0-0 | W48: dados_insuficientes | X48: 5 | Y48: 5 | Z48: 10 | AA48: 0 | AB48: 0 | AC48: 0 | AD48: 0 | AE48: 0 | AF48: 0 | AG48: 0 | AH48: 0 | AI48: 0 | AJ48: 10 | AK48: ok | AL48: -1 | AM48: -1 | AN48: -1 | AO48: -1 | AP48: -1 | AQ48: -1 | AR48: Niedersachsenstadion | AS48: Hanover | AT48: Germany | AU48: https://raw.githubusercontent.com/jfjelstul/worldcup/master/data-csv/matches.csv | AV48: https://raw.githubusercontent.com/jfjelstul/worldcup/master/data-csv/bookings.csv | AW48: https://footystats.org/c-dl.php?comp=1419&type=matches | AX48: Escanteios por partida indisponiveis no CSV FootyStats desta edicao; nao preencher com estimativa.
A49: 2006 | B49: 2006 FIFA Men's World Cup | C49: M-2006-48 | D49: group stage | E49: Group G | F49: 38891 | G49: 21:00 | H49: Togo | I49: France | J49: 0 | K49: 2 | L49: 0–2 | M49: A | N49: France | O49: France | P49: score | Q49: FALSE | R49: FALSE | S49: 0-0 | W49: dados_insuficientes | X49: 3 | Y49: 1 | Z49: 4 | AA49: 0 | AB49: 0 | AC49: 0 | AD49: 0 | AE49: 0 | AF49: 0 | AG49: 0 | AH49: 0 | AI49: 0 | AJ49: 4 | AK49: ok | AL49: -1 | AM49: -1 | AN49: -1 | AO49: -1 | AP49: -1 | AQ49: -1 | AR49: RheinEnergieStadion | AS49: Cologne | AT49: Germany | AU49: https://raw.githubusercontent.com/jfjelstul/worldcup/master/data-csv/matches.csv | AV49: https://raw.githubusercontent.com/jfjelstul/worldcup/master/data-csv/bookings.csv | AW49: https://footystats.org/c-dl.php?comp=1419&type=matches | AX49: Escanteios por partida indisponiveis no CSV FootyStats desta edicao; nao preencher com estimativa.
A50: 2006 | B50: 2006 FIFA Men's World Cup | C50: M-2006-49 | D50: round of 16 | E50: not applicable | F50: 38892 | G50: 17:00 | H50: Germany | I50: Sweden | J50: 2 | K50: 0 | L50: 2–0 | M50: H | N50: Germany | O50: Germany | P50: score | Q50: FALSE | R50: FALSE | S50: 0-0 | W50: dados_insuficientes | X50: 1 | Y50: 3 | Z50: 4 | AA50: 0 | AB50: 0 | AC50: 0 | AD50: 0 | AE50: 1 | AF50: 1 | AG50: 0 | AH50: 1 | AI50: 1 | AJ50: 5 | AK50: ok | AL50: -1 | AM50: -1 | AN50: -1 | AO50: -1 | AP50: -1 | AQ50: -1 | AR50: Allianz Arena | AS50: Munich | AT50: Germany | AU50: https://raw.githubusercontent.com/jfjelstul/worldcup/master/data-csv/matches.csv | AV50: https://raw.githubusercontent.com/jfjelstul/worldcup/master/data-csv/bookings.csv | AW50: https://footystats.org/c-dl.php?comp=1419&type=matches | AX50: Escanteios por partida indisponiveis no CSV FootyStats desta edicao; nao preencher com estimativa.
A51: 2006 | B51: 2006 FIFA Men's World Cup | C51: M-2006-50 | D51: round of 16 | E51: not applicable | F51: 38892 | G51: 21:00 | H51: Argentina | I51: Mexico | J51: 2 | K51: 1 | L51: 2–1 | M51: H | N51: Argentina | O51: Argentina | P51: extra_time_score | Q51: TRUE | R51: FALSE | S51: 0-0 | W51: dados_insuficientes | X51: 2 | Y51: 4 | Z51: 6 | AA51: 0 | AB51: 0 | AC51: 0 | AD51: 0 | AE51: 0 | AF51: 0 | AG51: 0 | AH51: 0 | AI51: 0 | AJ51: 6 | AK51: ok | AL51: -1 | AM51: -1 | AN51: -1 | AO51: -1 | AP51: -1 | AQ51: -1 | AR51: Zentralstadion | AS51: Leipzig | AT51: Germany | AU51: https://raw.githubusercontent.com/jfjelstul/worldcup/master/data-csv/matches.csv | AV51: https://raw.githubusercontent.com/jfjelstul/worldcup/master/data-csv/bookings.csv | AW51: https://footystats.org/c-dl.php?comp=1419&type=matches | AX51: Escanteios por partida indisponiveis no CSV FootyStats desta edicao; nao preencher com estimativa.
A52: 2006 | B52: 2006 FIFA Men's World Cup | C52: M-2006-51 | D52: round of 16 | E52: not applicable | F52: 38893 | G52: 17:00 | H52: England | I52: Ecuador | J52: 1 | K52: 0 | L52: 1–0 | M52: H | N52: England | O52: England | P52: score | Q52: FALSE | R52: FALSE | S52: 0-0 | W52: dados_insuficientes | X52: 3 | Y52: 3 | Z52: 6 | AA52: 0 | AB52: 0 | AC52: 0 | AD52: 0 | AE52: 0 | AF52: 0 | AG52: 0 | AH52: 0 | AI52: 0 | AJ52: 6 | AK52: ok | AL52: -1 | AM52: -1 | AN52: -1 | AO52: -1 | AP52: -1 | AQ52: -1 | AR52: Neckarstadion | AS52: Stuttgart | AT52: Germany | AU52: https://raw.githubusercontent.com/jfjelstul/worldcup/master/data-csv/matches.csv | AV52: https://raw.githubusercontent.com/jfjelstul/worldcup/master/data-csv/bookings.csv | AW52: https://footystats.org/c-dl.php?comp=1419&type=matches | AX52: Escanteios por partida indisponiveis no CSV FootyStats desta edicao; nao preencher com estimativa.
A53: 2006 | B53: 2006 FIFA Men's World Cup | C53: M-2006-52 | D53: round of 16 | E53: not applicable | F53: 38893 | G53: 21:00 | H53: Portugal | I53: Netherlands | J53: 1 | K53: 0 | L53: 1–0 | M53: H | N53: Portugal | O53: Portugal | P53: score | Q53: FALSE | R53: FALSE | S53: 0-0 | W53: dados_insuficientes | X53: 7 | Y53: 5 | Z53: 12 | AA53: 0 | AB53: 0 | AC53: 0 | AD53: 2 | AE53: 2 | AF53: 4 | AG53: 2 | AH53: 2 | AI53: 4 | AJ53: 16 | AK53: ok | AL53: -1 | AM53: -1 | AN53: -1 | AO53: -1 | AP53: -1 | AQ53: -1 | AR53: Frankenstadion | AS53: Nuremberg | AT53: Germany | AU53: https://raw.githubusercontent.com/jfjelstul/worldcup/master/data-csv/matches.csv | AV53: https://raw.githubusercontent.com/jfjelstul/worldcup/master/data-csv/bookings.csv | AW53: https://footystats.org/c-dl.php?comp=1419&type=matches | AX53: Escanteios por partida indisponiveis no CSV FootyStats desta edicao; nao preencher com estimativa.
A54: 2006 | B54: 2006 FIFA Men's World Cup | C54: M-2006-53 | D54: round of 16 | E54: not applicable | F54: 38894 | G54: 17:00 | H54: Italy | I54: Australia | J54: 1 | K54: 0 | L54: 1–0 | M54: H | N54: Italy | O54: Italy | P54: score | Q54: FALSE | R54: FALSE | S54: 0-0 | W54: dados_insuficientes | X54: 3 | Y54: 3 | Z54: 6 | AA54: 1 | AB54: 0 | AC54: 1 | AD54: 0 | AE54: 0 | AF54: 0 | AG54: 1 | AH54: 0 | AI54: 1 | AJ54: 7 | AK54: ok | AL54: -1 | AM54: -1 | AN54: -1 | AO54: -1 | AP54: -1 | AQ54: -1 | AR54: Fritz-Walter-Stadion | AS54: Kaiserslautern | AT54: Germany | AU54: https://raw.githubusercontent.com/jfjelstul/worldcup/master/data-csv/matches.csv | AV54: https://raw.githubusercontent.com/jfjelstul/worldcup/master/data-csv/bookings.csv | AW54: https://footystats.org/c-dl.php?comp=1419&type=matches | AX54: Escanteios por partida indisponiveis no CSV FootyStats desta edicao; nao preencher com estimativa.
A55: 2006 | B55: 2006 FIFA Men's World Cup | C55: M-2006-54 | D55: round of 16 | E55: not applicable | F55: 38894 | G55: 21:00 | H55: Switzerland | I55: Ukraine | J55: 0 | K55: 0 | L55: 0–0 | M55: D | N55: Ukraine | O55: Ukraine | P55: penalties | Q55: TRUE | R55: TRUE | S55: 0–3 | W55: dados_insuficientes | X55: 1 | Y55: 0 | Z55: 1 | AA55: 0 | AB55: 0 | AC55: 0 | AD55: 0 | AE55: 0 | AF55: 0 | AG55: 0 | AH55: 0 | AI55: 0 | AJ55: 1 | AK55: ok | AL55: -1 | AM55: -1 | AN55: -1 | AO55: -1 | AP55: -1 | AQ55: -1 | AR55: RheinEnergieStadion | AS55: Cologne | AT55: Germany | AU55: https://raw.githubusercontent.com/jfjelstul/worldcup/master/data-csv/matches.csv | AV55: https://raw.githubusercontent.com/jfjelstul/worldcup/master/data-csv/bookings.csv | AW55: https://footystats.org/c-dl.php?comp=1419&type=matches | AX55: Escanteios por partida indisponiveis no CSV FootyStats desta edicao; nao preencher com estimativa.
A56: 2006 | B56: 2006 FIFA Men's World Cup | C56: M-2006-55 | D56: round of 16 | E56: not applicable | F56: 38895 | G56: 17:00 | H56: Brazil | I56: Ghana | J56: 3 | K56: 0 | L56: 3–0 | M56: H | N56: Brazil | O56: Brazil | P56: score | Q56: FALSE | R56: FALSE | S56: 0-0 | W56: dados_insuficientes | X56: 2 | Y56: 5 | Z56: 7 | AA56: 0 | AB56: 0 | AC56: 0 | AD56: 0 | AE56: 1 | AF56: 1 | AG56: 0 | AH56: 1 | AI56: 1 | AJ56: 8 | AK56: ok | AL56: -1 | AM56: -1 | AN56: -1 | AO56: -1 | AP56: -1 | AQ56: -1 | AR56: Westfalenstadion | AS56: Dortmund | AT56: Germany | AU56: https://raw.githubusercontent.com/jfjelstul/worldcup/master/data-csv/matches.csv | AV56: https://raw.githubusercontent.com/jfjelstul/worldcup/master/data-csv/bookings.csv | AW56: https://footystats.org/c-dl.php?comp=1419&type=matches | AX56: Escanteios por partida indisponiveis no CSV FootyStats desta edicao; nao preencher com estimativa.
... A65: 2006 | B65: 2006 FIFA Men's World Cup | C65: M-2006-64 | D65: final | E65: not applicable | F65: 38907 | G65: 20:00 | H65: Italy | I65: France | J65: 1 | K65: 1 | L65: 1–1 | M65: D | N65: Italy | O65: Italy | P65: penalties | Q65: TRUE | R65: TRUE | S65: 5–3 | W65: dados_insuficientes | X65: 1 | Y65: 3 | Z65: 4 | AA65: 0 | AB65: 1 | AC65: 1 | AD65: 0 | AE65: 0 | AF65: 0 | AG65: 0 | AH65: 1 | AI65: 1 | AJ65: 5 | AK65: ok | AL65: -1 | AM65: -1 | AN65: -1 | AO65: -1 | AP65: -1 | AQ65: -1 | AR65: Olympiastadion | AS65: Berlin | AT65: Germany | AU65: https://raw.githubusercontent.com/jfjelstul/worldcup/master/data-csv/matches.csv | AV65: https://raw.githubusercontent.com/jfjelstul/worldcup/master/data-csv/bookings.csv | AW65: https://footystats.org/c-dl.php?comp=1419&type=matches | AX65: Escanteios por partida indisponiveis no CSV FootyStats desta edicao; nao preencher com estimativa.
A66: 2010 | B66: 2010 FIFA Men's World Cup | C66: M-2010-01 | D66: group stage | E66: Group A | F66: 40340 | G66: 16:00 | H66: South Africa | I66: Mexico | J66: 1 | K66: 1 | L66: 1–1 | M66: D | N66: Draw | P66: draw_no_winner | Q66: FALSE | R66: FALSE | S66: 0-0 | T66: 4 | U66: 5 | V66: 9 | W66: ok | X66: 2 | Y66: 2 | Z66: 4 | AA66: 0 | AB66: 0 | AC66: 0 | AD66: 0 | AE66: 0 | AF66: 0 | AG66: 0 | AH66: 0 | AI66: 0 | AJ66: 4 | AK66: ok | AL66: 9 | AM66: 12 | AN66: 5 | AO66: 5 | AP66: 42 | AQ66: 58 | AR66: Soccer City | AS66: Johannesburg | AT66: South Africa | AU66: https://raw.githubusercontent.com/jfjelstul/worldcup/master/data-csv/matches.csv | AV66: https://raw.githubusercontent.com/jfjelstul/worldcup/master/data-csv/bookings.csv | AW66: https://footystats.org/c-dl.php?comp=1389&type=matches
A67: 2010 | B67: 2010 FIFA Men's World Cup | C67: M-2010-02 | D67: group stage | E67: Group A | F67: 40340 | G67: 20:30 | H67: Uruguay | I67: France | J67: 0 | K67: 0 | L67: 0–0 | M67: D | N67: Draw | P67: draw_no_winner | Q67: FALSE | R67: FALSE | S67: 0-0 | T67: 0 | U67: 4 | V67: 4 | W67: ok | X67: 3 | Y67: 3 | Z67: 6 | AA67: 0 | AB67: 0 | AC67: 0 | AD67: 1 | AE67: 0 | AF67: 1 | AG67: 1 | AH67: 0 | AI67: 1 | AJ67: 7 | AK67: ok | AL67: 6 | AM67: 12 | AN67: 3 | AO67: 3 | AP67: 49 | AQ67: 51 | AR67: Cape Town Stadium | AS67: Cape Town | AT67: South Africa | AU67: https://raw.githubusercontent.com/jfjelstul/worldcup/master/data-csv/matches.csv | AV67: https://raw.githubusercontent.com/jfjelstul/worldcup/master/data-csv/bookings.csv | AW67: https://footystats.org/c-dl.php?comp=1389&type=matches
A68: 2010 | B68: 2010 FIFA Men's World Cup | C68: M-2010-03 | D68: group stage | E68: Group B | F68: 40341 | G68: 13:30 | H68: South Korea | I68: Greece | J68: 2 | K68: 0 | L68: 2–0 | M68: H | N68: South Korea | O68: South Korea | P68: score | Q68: FALSE | R68: FALSE | S68: 0-0 | T68: 6 | U68: 11 | V68: 17 | W68: ok | X68: 0 | Y68: 1 | Z68: 1 | AA68: 0 | AB68: 0 | AC68: 0 | AD68: 0 | AE68: 0 | AF68: 0 | AG68: 0 | AH68: 0 | AI68: 0 | AJ68: 1 | AK68: ok | AL68: 11 | AM68: 7 | AN68: 7 | AO68: 2 | AP68: 51 | AQ68: 49 | AR68: Nelson Mandela Bay Stadium | AS68: Port Elizabeth | AT68: South Africa | AU68: https://raw.githubusercontent.com/jfjelstul/worldcup/master/data-csv/matches.csv | AV68: https://raw.githubusercontent.com/jfjelstul/worldcup/master/data-csv/bookings.csv | AW68: https://footystats.org/c-dl.php?comp=1389&type=matches
A69: 2010 | B69: 2010 FIFA Men's World Cup | C69: M-2010-04 | D69: group stage | E69: Group B | F69: 40341 | G69: 16:00 | H69: Argentina | I69: Nigeria | J69: 1 | K69: 0 | L69: 1–0 | M69: H | N69: Argentina | O69: Argentina | P69: score | Q69: FALSE | R69: FALSE | S69: 0-0 | T69: 10 | U69: 4 | V69: 14 | W69: ok | X69: 1 | Y69: 1 | Z69: 2 | AA69: 0 | AB69: 0 | AC69: 0 | AD69: 0 | AE69: 0 | AF69: 0 | AG69: 0 | AH69: 0 | AI69: 0 | AJ69: 2 | AK69: ok | AL69: 15 | AM69: 9 | AN69: 7 | AO69: 1 | AP69: 59 | AQ69: 41 | AR69: Ellis Park Stadium | AS69: Johannesburg | AT69: South Africa | AU69: https://raw.githubusercontent.com/jfjelstul/worldcup/master/data-csv/matches.csv | AV69: https://raw.githubusercontent.com/jfjelstul/worldcup/master/data-csv/bookings.csv | AW69: https://footystats.org/c-dl.php?comp=1389&type=matches
A70: 2010 | B70: 2010 FIFA Men's World Cup | C70: M-2010-05 | D70: group stage | E70: Group C | F70: 40341 | G70: 20:30 | H70: England | I70: United States | J70: 1 | K70: 1 | L70: 1–1 | M70: D | N70: Draw | P70: draw_no_winner | Q70: FALSE | R70: FALSE | S70: 0-0 | T70: 7 | U70: 4 | V70: 11 | W70: ok | X70: 3 | Y70: 3 | Z70: 6 | AA70: 0 | AB70: 0 | AC70: 0 | AD70: 0 | AE70: 0 | AF70: 0 | AG70: 0 | AH70: 0 | AI70: 0 | AJ70: 6 | AK70: ok | AL70: 15 | AM70: 11 | AN70: 8 | AO70: 4 | AP70: 57 | AQ70: 43 | AR70: Royal Bafokeng Stadium | AS70: Rustenburg | AT70: South Africa | AU70: https://raw.githubusercontent.com/jfjelstul/worldcup/master/data-csv/matches.csv | AV70: https://raw.githubusercontent.com/jfjelstul/worldcup/master/data-csv/bookings.csv | AW70: https://footystats.org/c-dl.php?comp=1389&type=matches
A71: 2010 | B71: 2010 FIFA Men's World Cup | C71: M-2010-06 | D71: group stage | E71: Group C | F71: 40342 | G71: 13:30 | H71: Algeria | I71: Slovenia | J71: 0 | K71: 1 | L71: 0–1 | M71: A | N71: Slovenia | O71: Slovenia | P71: score | Q71: FALSE | R71: FALSE | S71: 0-0 | T71: 4 | U71: 3 | V71: 7 | W71: ok | X71: 2 | Y71: 2 | Z71: 4 | AA71: 0 | AB71: 0 | AC71: 0 | AD71: 1 | AE71: 0 | AF71: 1 | AG71: 1 | AH71: 0 | AI71: 1 | AJ71: 5 | AK71: ok | AL71: 10 | AM71: 6 | AN71: 2 | AO71: 4 | AP71: 52 | AQ71: 48 | AR71: Peter Mokaba Stadium | AS71: Polokwane | AT71: South Africa | AU71: https://raw.githubusercontent.com/jfjelstul/worldcup/master/data-csv/matches.csv | AV71: https://raw.githubusercontent.com/jfjelstul/worldcup/master/data-csv/bookings.csv | AW71: https://footystats.org/c-dl.php?comp=1389&type=matches
A72: 2010 | B72: 2010 FIFA Men's World Cup | C72: M-2010-07 | D72: group stage | E72: Group D | F72: 40342 | G72: 16:00 | H72: Serbia | I72: Ghana | J72: 0 | K72: 1 | L72: 0–1 | M72: A | N72: Ghana | O72: Ghana | P72: score | Q72: FALSE | R72: FALSE | S72: 0-0 | T72: 4 | U72: 4 | V72: 8 | W72: ok | X72: 3 | Y72: 2 | Z72: 5 | AA72: 0 | AB72: 0 | AC72: 0 | AD72: 1 | AE72: 0 | AF72: 1 | AG72: 1 | AH72: 0 | AI72: 1 | AJ72: 6 | AK72: ok | AL72: 10 | AM72: 12 | AN72: 2 | AO72: 3 | AP72: 51 | AQ72: 49 | AR72: Loftus Versfeld Stadium | AS72: Pretoria | AT72: South Africa | AU72: https://raw.githubusercontent.com/jfjelstul/worldcup/master/data-csv/matches.csv | AV72: https://raw.githubusercontent.com/jfjelstul/worldcup/master/data-csv/bookings.csv | AW72: https://footystats.org/c-dl.php?comp=1389&type=matches
A73: 2010 | B73: 2010 FIFA Men's World Cup | C73: M-2010-08 | D73: group stage | E73: Group D | F73: 40342 | G73: 20:30 | H73: Germany | I73: Australia | J73: 4 | K73: 0 | L73: 4–0 | M73: H | N73: Germany | O73: Germany | P73: score | Q73: FALSE | R73: FALSE | S73: 0-0 | T73: 4 | U73: 7 | V73: 11 | W73: ok | X73: 2 | Y73: 3 | Z73: 5 | AA73: 0 | AB73: 1 | AC73: 1 | AD73: 0 | AE73: 0 | AF73: 0 | AG73: 0 | AH73: 1 | AI73: 1 | AJ73: 6 | AK73: ok | AL73: 16 | AM73: 8 | AN73: 10 | AO73: 2 | AP73: 59 | AQ73: 41 | AR73: Moses Mabhida Stadium | AS73: Durban | AT73: South Africa | AU73: https://raw.githubusercontent.com/jfjelstul/worldcup/master/data-csv/matches.csv | AV73: https://raw.githubusercontent.com/jfjelstul/worldcup/master/data-csv/bookings.csv | AW73: https://footystats.org/c-dl.php?comp=1389&type=matches
A74: 2010 | B74: 2010 FIFA Men's World Cup | C74: M-2010-09 | D74: group stage | E74: Group E | F74: 40343 | G74: 13:30 | H74: Netherlands | I74: Denmark | J74: 2 | K74: 0 | L74: 2–0 | M74: H | N74: Netherlands | O74: Netherlands | P74: score | Q74: FALSE | R74: FALSE | S74: 0-0 | T74: 6 | U74: 2 | V74: 8 | W74: ok | X74: 2 | Y74: 1 | Z74: 3 | AA74: 0 | AB74: 0 | AC74: 0 | AD74: 0 | AE74: 0 | AF74: 0 | AG74: 0 | AH74: 0 | AI74: 0 | AJ74: 3 | AK74: ok | AL74: 14 | AM74: 7 | AN74: 7 | AO74: 3 | AP74: 56 | AQ74: 44 | AR74: Soccer City | AS74: Johannesburg | AT74: South Africa | AU74: https://raw.githubusercontent.com/jfjelstul/worldcup/master/data-csv/matches.csv | AV74: https://raw.githubusercontent.com/jfjelstul/worldcup/master/data-csv/bookings.csv | AW74: https://footystats.org/c-dl.php?comp=1389&type=matches
A75: 2010 | B75: 2010 FIFA Men's World Cup | C75: M-2010-10 | D75: group stage | E75: Group E | F75: 40343 | G75: 16:00 | H75: Japan | I75: Cameroon | J75: 1 | K75: 0 | L75: 1–0 | M75: H | N75: Japan | O75: Japan | P75: score | Q75: FALSE | R75: FALSE | S75: 0-0 | T75: 0 | U75: 3 | V75: 3 | W75: ok | X75: 1 | Y75: 1 | Z75: 2 | AA75: 0 | AB75: 0 | AC75: 0 | AD75: 0 | AE75: 0 | AF75: 0 | AG75: 0 | AH75: 0 | AI75: 0 | AJ75: 2 | AK75: ok | AL75: 4 | AM75: 7 | AN75: 4 | AO75: 3 | AP75: 45 | AQ75: 55 | AR75: Free State Stadium | AS75: Bloemfontein | AT75: South Africa | AU75: https://raw.githubusercontent.com/jfjelstul/worldcup/master/data-csv/matches.csv | AV75: https://raw.githubusercontent.com/jfjelstul/worldcup/master/data-csv/bookings.csv | AW75: https://footystats.org/c-dl.php?comp=1389&type=matches
A76: 2010 | B76: 2010 FIFA Men's World Cup | C76: M-2010-11 | D76: group stage | E76: Group F | F76: 40343 | G76: 20:30 | H76: Italy | I76: Paraguay | J76: 1 | K76: 1 | L76: 1–1 | M76: D | N76: Draw | P76: draw_no_winner | Q76: FALSE | R76: FALSE | S76: 0-0 | T76: 8 | U76: 4 | V76: 12 | W76: ok | X76: 1 | Y76: 1 | Z76: 2 | AA76: 0 | AB76: 0 | AC76: 0 | AD76: 0 | AE76: 0 | AF76: 0 | AG76: 0 | AH76: 0 | AI76: 0 | AJ76: 2 | AK76: ok | AL76: 7 | AM76: 7 | AN76: 5 | AO76: 1 | AP76: 54 | AQ76: 46 | AR76: Cape Town Stadium | AS76: Cape Town | AT76: South Africa | AU76: https://raw.githubusercontent.com/jfjelstul/worldcup/master/data-csv/matches.csv | AV76: https://raw.githubusercontent.com/jfjelstul/worldcup/master/data-csv/bookings.csv | AW76: https://footystats.org/c-dl.php?comp=1389&type=matches
A77: 2010 | B77: 2010 FIFA Men's World Cup | C77: M-2010-12 | D77: group stage | E77: Group F | F77: 40344 | G77: 13:30 | H77: New Zealand | I77: Slovakia | J77: 1 | K77: 1 | L77: 1–1 | M77: D | N77: Draw | P77: draw_no_winner | Q77: FALSE | R77: FALSE | S77: 0-0 | T77: 3 | U77: 10 | V77: 13 | W77: ok | X77: 2 | Y77: 1 | Z77: 3 | AA77: 0 | AB77: 0 | AC77: 0 | AD77: 0 | AE77: 0 | AF77: 0 | AG77: 0 | AH77: 0 | AI77: 0 | AJ77: 3 | AK77: ok | AL77: 7 | AM77: 11 | AN77: 2 | AO77: 3 | AP77: 55 | AQ77: 45 | AR77: Royal Bafokeng Stadium | AS77: Rustenburg | AT77: South Africa | AU77: https://raw.githubusercontent.com/jfjelstul/worldcup/master/data-csv/matches.csv | AV77: https://raw.githubusercontent.com/jfjelstul/worldcup/master/data-csv/bookings.csv | AW77: https://footystats.org/c-dl.php?comp=1389&type=matches
A78: 2010 | B78: 2010 FIFA Men's World Cup | C78: M-2010-13 | D78: group stage | E78: Group G | F78: 40344 | G78: 16:00 | H78: Ivory Coast | I78: Portugal | J78: 0 | K78: 0 | L78: 0–0 | M78: D | N78: Draw | P78: draw_no_winner | Q78: FALSE | R78: FALSE | S78: 0-0 | T78: 6 | U78: 4 | V78: 10 | W78: ok | X78: 2 | Y78: 1 | Z78: 3 | AA78: 0 | AB78: 0 | AC78: 0 | AD78: 0 | AE78: 0 | AF78: 0 | AG78: 0 | AH78: 0 | AI78: 0 | AJ78: 3 | AK78: ok | AL78: 5 | AM78: 7 | AN78: 1 | AO78: 2 | AP78: 50 | AQ78: 50 | AR78: Nelson Mandela Bay Stadium | AS78: Port Elizabeth | AT78: South Africa | AU78: https://raw.githubusercontent.com/jfjelstul/worldcup/master/data-csv/matches.csv | AV78: https://raw.githubusercontent.com/jfjelstul/worldcup/master/data-csv/bookings.csv | AW78: https://footystats.org/c-dl.php?comp=1389&type=matches
A79: 2010 | B79: 2010 FIFA Men's World Cup | C79: M-2010-14 | D79: group stage | E79: Group G | F79: 40344 | G79: 20:30 | H79: Brazil | I79: North Korea | J79: 2 | K79: 1 | L79: 2–1 | M79: H | N79: Brazil | O79: Brazil | P79: score | Q79: FALSE | R79: FALSE | S79: 0-0 | T79: 7 | U79: 3 | V79: 10 | W79: ok | X79: 1 | Y79: 0 | Z79: 1 | AA79: 0 | AB79: 0 | AC79: 0 | AD79: 0 | AE79: 0 | AF79: 0 | AG79: 0 | AH79: 0 | AI79: 0 | AJ79: 1 | AK79: ok | AL79: 22 | AM79: 10 | AN79: 10 | AO79: 3 | AP79: 65 | AQ79: 35 | AR79: Ellis Park Stadium | AS79: Johannesburg | AT79: South Africa | AU79: https://raw.githubusercontent.com/jfjelstul/worldcup/master/data-csv/matches.csv | AV79: https://raw.githubusercontent.com/jfjelstul/worldcup/master/data-csv/bookings.csv | AW79: https://footystats.org/c-dl.php?comp=1389&type=matches
A80: 2010 | B80: 2010 FIFA Men's World Cup | C80: M-2010-15 | D80: group stage | E80: Group H | F80: 40345 | G80: 13:30 | H80: Honduras | I80: Chile | J80: 0 | K80: 1 | L80: 0–1 | M80: A | N80: Chile | O80: Chile | P80: score | Q80: FALSE | R80: FALSE | S80: 0-0 | T80: 4 | U80: 6 | V80: 10 | W80: ok | X80: 1 | Y80: 2 | Z80: 3 | AA80: 0 | AB80: 0 | AC80: 0 | AD80: 0 | AE80: 0 | AF80: 0 | AG80: 0 | AH80: 0 | AI80: 0 | AJ80: 3 | AK80: ok | AL80: 5 | AM80: 17 | AN80: 2 | AO80: 5 | AP80: 45 | AQ80: 55 | AR80: Mbombela Stadium | AS80: Nelspruit | AT80: South Africa | AU80: https://raw.githubusercontent.com/jfjelstul/worldcup/master/data-csv/matches.csv | AV80: https://raw.githubusercontent.com/jfjelstul/worldcup/master/data-csv/bookings.csv | AW80: https://footystats.org/c-dl.php?comp=1389&type=matches
A81: 2010 | B81: 2010 FIFA Men's World Cup | C81: M-2010-16 | D81: group stage | E81: Group H | F81: 40345 | G81: 16:00 | H81: Spain | I81: Switzerland | J81: 0 | K81: 1 | L81: 0–1 | M81: A | N81: Switzerland | O81: Switzerland | P81: score | Q81: FALSE | R81: FALSE | S81: 0-0 | T81: 12 | U81: 3 | V81: 15 | W81: ok | X81: 0 | Y81: 4 | Z81: 4 | AA81: 0 | AB81: 0 | AC81: 0 | AD81: 0 | AE81: 0 | AF81: 0 | AG81: 0 | AH81: 0 | AI81: 0 | AJ81: 4 | AK81: ok | AL81: 20 | AM81: 7 | AN81: 7 | AO81: 4 | AP81: 68 | AQ81: 32 | AR81: Moses Mabhida Stadium | AS81: Durban | AT81: South Africa | AU81: https://raw.githubusercontent.com/jfjelstul/worldcup/master/data-csv/matches.csv | AV81: https://raw.githubusercontent.com/jfjelstul/worldcup/master/data-csv/bookings.csv | AW81: https://footystats.org/c-dl.php?comp=1389&type=matches
A82: 2010 | B82: 2010 FIFA Men's World Cup | C82: M-2010-17 | D82: group stage | E82: Group A | F82: 40345 | G82: 20:30 | H82: South Africa | I82: Uruguay | J82: 0 | K82: 3 | L82: 0–3 | M82: A | N82: Uruguay | O82: Uruguay | P82: score | Q82: FALSE | R82: FALSE | S82: 0-0 | T82: 3 | U82: 4 | V82: 7 | W82: ok | X82: 2 | Y82: 0 | Z82: 2 | AA82: 1 | AB82: 0 | AC82: 1 | AD82: 0 | AE82: 0 | AF82: 0 | AG82: 1 | AH82: 0 | AI82: 1 | AJ82: 3 | AK82: ok | AL82: 8 | AM82: 18 | AN82: 3 | AO82: 6 | AP82: 53 | AQ82: 47 | AR82: Loftus Versfeld Stadium | AS82: Pretoria | AT82: South Africa | AU82: https://raw.githubusercontent.com/jfjelstul/worldcup/master/data-csv/matches.csv | AV82: https://raw.githubusercontent.com/jfjelstul/worldcup/master/data-csv/bookings.csv | AW82: https://footystats.org/c-dl.php?comp=1389&type=matches
A83: 2010 | B83: 2010 FIFA Men's World Cup | C83: M-2010-18 | D83: group stage | E83: Group B | F83: 40346 | G83: 13:30 | H83: Argentina | I83: South Korea | J83: 4 | K83: 1 | L83: 4–1 | M83: H | N83: Argentina | O83: Argentina | P83: score | Q83: FALSE | R83: FALSE | S83: 0-0 | T83: 6 | U83: 2 | V83: 8 | W83: ok | X83: 3 | Y83: 2 | Z83: 5 | AA83: 0 | AB83: 0 | AC83: 0 | AD83: 0 | AE83: 0 | AF83: 0 | AG83: 0 | AH83: 0 | AI83: 0 | AJ83: 5 | AK83: ok | AL83: 21 | AM83: 11 | AN83: 11 | AO83: 2 | AP83: 58 | AQ83: 42 | AR83: Soccer City | AS83: Johannesburg | AT83: South Africa | AU83: https://raw.githubusercontent.com/jfjelstul/worldcup/master/data-csv/matches.csv | AV83: https://raw.githubusercontent.com/jfjelstul/worldcup/master/data-csv/bookings.csv | AW83: https://footystats.org/c-dl.php?comp=1389&type=matches
A84: 2010 | B84: 2010 FIFA Men's World Cup | C84: M-2010-19 | D84: group stage | E84: Group B | F84: 40346 | G84: 16:00 | H84: Greece | I84: Nigeria | J84: 2 | K84: 1 | L84: 2–1 | M84: H | N84: Greece | O84: Greece | P84: score | Q84: FALSE | R84: FALSE | S84: 0-0 | T84: 11 | U84: 3 | V84: 14 | W84: ok | X84: 3 | Y84: 1 | Z84: 4 | AA84: 0 | AB84: 1 | AC84: 1 | AD84: 0 | AE84: 0 | AF84: 0 | AG84: 0 | AH84: 1 | AI84: 1 | AJ84: 5 | AK84: ok | AL84: 22 | AM84: 8 | AN84: 11 | AO84: 4 | AP84: 56 | AQ84: 44 | AR84: Free State Stadium | AS84: Bloemfontein | AT84: South Africa | AU84: https://raw.githubusercontent.com/jfjelstul/worldcup/master/data-csv/matches.csv | AV84: https://raw.githubusercontent.com/jfjelstul/worldcup/master/data-csv/bookings.csv | AW84: https://footystats.org/c-dl.php?comp=1389&type=matches
A85: 2010 | B85: 2010 FIFA Men's World Cup | C85: M-2010-20 | D85: group stage | E85: Group A | F85: 40346 | G85: 20:30 | H85: France | I85: Mexico | J85: 0 | K85: 2 | L85: 0–2 | M85: A | N85: Mexico | O85: Mexico | P85: score | Q85: FALSE | R85: FALSE | S85: 0-0 | T85: 7 | U85: 1 | V85: 8 | W85: ok | X85: 2 | Y85: 4 | Z85: 6 | AA85: 0 | AB85: 0 | AC85: 0 | AD85: 0 | AE85: 0 | AF85: 0 | AG85: 0 | AH85: 0 | AI85: 0 | AJ85: 6 | AK85: ok | AL85: 10 | AM85: 12 | AN85: 4 | AO85: 5 | AP85: 53 | AQ85: 47 | AR85: Peter Mokaba Stadium | AS85: Polokwane | AT85: South Africa | AU85: https://raw.githubusercontent.com/jfjelstul/worldcup/master/data-csv/matches.csv | AV85: https://raw.githubusercontent.com/jfjelstul/worldcup/master/data-csv/bookings.csv | AW85: https://footystats.org/c-dl.php?comp=1389&type=matches
A86: 2010 | B86: 2010 FIFA Men's World Cup | C86: M-2010-21 | D86: group stage | E86: Group D | F86: 40347 | G86: 13:30 | H86: Germany | I86: Serbia | J86: 0 | K86: 1 | L86: 0–1 | M86: A | N86: Serbia | O86: Serbia | P86: score | Q86: FALSE | R86: FALSE | S86: 0-0 | T86: 7 | U86: 1 | V86: 8 | W86: ok | X86: 4 | Y86: 4 | Z86: 8 | AA86: 0 | AB86: 0 | AC86: 0 | AD86: 1 | AE86: 0 | AF86: 1 | AG86: 1 | AH86: 0 | AI86: 1 | AJ86: 9 | AK86: ok | AL86: 11 | AM86: 10 | AN86: 4 | AO86: 3 | AP86: 54 | AQ86: 46 | AR86: Nelson Mandela Bay Stadium | AS86: Port Elizabeth | AT86: South Africa | AU86: https://raw.githubusercontent.com/jfjelstul/worldcup/master/data-csv/matches.csv | AV86: https://raw.githubusercontent.com/jfjelstul/worldcup/master/data-csv/bookings.csv | AW86: https://footystats.org/c-dl.php?comp=1389&type=matches
A87: 2010 | B87: 2010 FIFA Men's World Cup | C87: M-2010-22 | D87: group stage | E87: Group C | F87: 40347 | G87: 16:00 | H87: Slovenia | I87: United States | J87: 2 | K87: 2 | L87: 2–2 | M87: D | N87: Draw | P87: draw_no_winner | Q87: FALSE | R87: FALSE | S87: 0-0 | T87: 2 | U87: 4 | V87: 6 | W87: ok | X87: 4 | Y87: 1 | Z87: 5 | AA87: 0 | AB87: 0 | AC87: 0 | AD87: 0 | AE87: 0 | AF87: 0 | AG87: 0 | AH87: 0 | AI87: 0 | AJ87: 5 | AK87: ok | AL87: 6 | AM87: 12 | AN87: 4 | AO87: 6 | AP87: 52 | AQ87: 48 | AR87: Ellis Park Stadium | AS87: Johannesburg | AT87: South Africa | AU87: https://raw.githubusercontent.com/jfjelstul/worldcup/master/data-csv/matches.csv | AV87: https://raw.githubusercontent.com/jfjelstul/worldcup/master/data-csv/bookings.csv | AW87: https://footystats.org/c-dl.php?comp=1389&type=matches
A88: 2010 | B88: 2010 FIFA Men's World Cup | C88: M-2010-23 | D88: group stage | E88: Group C | F88: 40347 | G88: 20:30 | H88: England | I88: Algeria | J88: 0 | K88: 0 | L88: 0–0 | M88: D | N88: Draw | P88: draw_no_winner | Q88: FALSE | R88: FALSE | S88: 0-0 | T88: 10 | U88: 3 | V88: 13 | W88: ok | X88: 1 | Y88: 1 | Z88: 2 | AA88: 0 | AB88: 0 | AC88: 0 | AD88: 0 | AE88: 0 | AF88: 0 | AG88: 0 | AH88: 0 | AI88: 0 | AJ88: 2 | AK88: ok | AL88: 11 | AM88: 6 | AN88: 5 | AO88: 1 | AP88: 51 | AQ88: 49 | AR88: Cape Town Stadium | AS88: Cape Town | AT88: South Africa | AU88: https://raw.githubusercontent.com/jfjelstul/worldcup/master/data-csv/matches.csv | AV88: https://raw.githubusercontent.com/jfjelstul/worldcup/master/data-csv/bookings.csv | AW88: https://footystats.org/c-dl.php?comp=1389&type=matches
A89: 2010 | B89: 2010 FIFA Men's World Cup | C89: M-2010-24 | D89: group stage | E89: Group E | F89: 40348 | G89: 13:30 | H89: Netherlands | I89: Japan | J89: 1 | K89: 0 | L89: 1–0 | M89: H | N89: Netherlands | O89: Netherlands | P89: score | Q89: FALSE | R89: FALSE | S89: 0-0 | T89: 4 | U89: 5 | V89: 9 | W89: ok | X89: 1 | Y89: 0 | Z89: 1 | AA89: 0 | AB89: 0 | AC89: 0 | AD89: 0 | AE89: 0 | AF89: 0 | AG89: 0 | AH89: 0 | AI89: 0 | AJ89: 1 | AK89: ok | AL89: 7 | AM89: 10 | AN89: 5 | AO89: 3 | AP89: 62 | AQ89: 38 | AR89: Moses Mabhida Stadium | AS89: Durban | AT89: South Africa | AU89: https://raw.githubusercontent.com/jfjelstul/worldcup/master/data-csv/matches.csv | AV89: https://raw.githubusercontent.com/jfjelstul/worldcup/master/data-csv/bookings.csv | AW89: https://footystats.org/c-dl.php?comp=1389&type=matches
A90: 2010 | B90: 2010 FIFA Men's World Cup | C90: M-2010-25 | D90: group stage | E90: Group D | F90: 40348 | G90: 16:00 | H90: Ghana | I90: Australia | J90: 1 | K90: 1 | L90: 1–1 | M90: D | N90: Draw | P90: draw_no_winner | Q90: FALSE | R90: FALSE | S90: 0-0 | T90: 6 | U90: 1 | V90: 7 | W90: ok | X90: 3 | Y90: 1 | Z90: 4 | AA90: 0 | AB90: 1 | AC90: 1 | AD90: 0 | AE90: 0 | AF90: 0 | AG90: 0 | AH90: 1 | AI90: 1 | AJ90: 5 | AK90: ok | AL90: 16 | AM90: 8 | AN90: 6 | AO90: 5 | AP90: 49 | AQ90: 51 | AR90: Royal Bafokeng Stadium | AS90: Rustenburg | AT90: South Africa | AU90: https://raw.githubusercontent.com/jfjelstul/worldcup/master/data-csv/matches.csv | AV90: https://raw.githubusercontent.com/jfjelstul/worldcup/master/data-csv/bookings.csv | AW90: https://footystats.org/c-dl.php?comp=1389&type=matches
A91: 2010 | B91: 2010 FIFA Men's World Cup | C91: M-2010-26 | D91: group stage | E91: Group E | F91: 40348 | G91: 20:30 | H91: Cameroon | I91: Denmark | J91: 1 | K91: 2 | L91: 1–2 | M91: A | N91: Denmark | O91: Denmark | P91: score | Q91: FALSE | R91: FALSE | S91: 0-0 | T91: 7 | U91: 2 | V91: 9 | W91: ok | X91: 2 | Y91: 2 | Z91: 4 | AA91: 0 | AB91: 0 | AC91: 0 | AD91: 0 | AE91: 0 | AF91: 0 | AG91: 0 | AH91: 0 | AI91: 0 | AJ91: 4 | AK91: ok | AL91: 16 | AM91: 9 | AN91: 8 | AO91: 6 | AP91: 62 | AQ91: 38 | AR91: Loftus Versfeld Stadium | AS91: Pretoria | AT91: South Africa | AU91: https://raw.githubusercontent.com/jfjelstul/worldcup/master/data-csv/matches.csv | AV91: https://raw.githubusercontent.com/jfjelstul/worldcup/master/data-csv/bookings.csv | AW91: https://footystats.org/c-dl.php?comp=1389&type=matches
A92: 2010 | B92: 2010 FIFA Men's World Cup | C92: M-2010-27 | D92: group stage | E92: Group F | F92: 40349 | G92: 13:30 | H92: Slovakia | I92: Paraguay | J92: 0 | K92: 2 | L92: 0–2 | M92: A | N92: Paraguay | O92: Paraguay | P92: score | Q92: FALSE | R92: FALSE | S92: 0-0 | T92: 3 | U92: 1 | V92: 4 | W92: ok | X92: 4 | Y92: 1 | Z92: 5 | AA92: 0 | AB92: 0 | AC92: 0 | AD92: 0 | AE92: 0 | AF92: 0 | AG92: 0 | AH92: 0 | AI92: 0 | AJ92: 5 | AK92: ok | AL92: 4 | AM92: 11 | AN92: 1 | AO92: 5 | AP92: 53 | AQ92: 47 | AR92: Free State Stadium | AS92: Bloemfontein | AT92: South Africa | AU92: https://raw.githubusercontent.com/jfjelstul/worldcup/master/data-csv/matches.csv | AV92: https://raw.githubusercontent.com/jfjelstul/worldcup/master/data-csv/bookings.csv | AW92: https://footystats.org/c-dl.php?comp=1389&type=matches
A93: 2010 | B93: 2010 FIFA Men's World Cup | C93: M-2010-28 | D93: group stage | E93: Group F | F93: 40349 | G93: 16:00 | H93: Italy | I93: New Zealand | J93: 1 | K93: 1 | L93: 1–1 | M93: D | N93: Draw | P93: draw_no_winner | Q93: FALSE | R93: FALSE | S93: 0-0 | T93: 15 | U93: 0 | V93: 15 | W93: ok | X93: 0 | Y93: 3 | Z93: 3 | AA93: 0 | AB93: 0 | AC93: 0 | AD93: 0 | AE93: 0 | AF93: 0 | AG93: 0 | AH93: 0 | AI93: 0 | AJ93: 3 | AK93: ok | AL93: 15 | AM93: 3 | AN93: 6 | AO93: 1 | AP93: 62 | AQ93: 38 | AR93: Mbombela Stadium | AS93: Nelspruit | AT93: South Africa | AU93: https://raw.githubusercontent.com/jfjelstul/worldcup/master/data-csv/matches.csv | AV93: https://raw.githubusercontent.com/jfjelstul/worldcup/master/data-csv/bookings.csv | AW93: https://footystats.org/c-dl.php?comp=1389&type=matches
A94: 2010 | B94: 2010 FIFA Men's World Cup | C94: M-2010-29 | D94: group stage | E94: Group G | F94: 40349 | G94: 20:30 | H94: Brazil | I94: Ivory Coast | J94: 3 | K94: 1 | L94: 3–1 | M94: H | N94: Brazil | O94: Brazil | P94: score | Q94: FALSE | R94: FALSE | S94: 0-0 | T94: 4 | U94: 3 | V94: 7 | W94: ok | X94: 1 | Y94: 3 | Z94: 4 | AA94: 0 | AB94: 0 | AC94: 0 | AD94: 1 | AE94: 0 | AF94: 1 | AG94: 1 | AH94: 0 | AI94: 1 | AJ94: 5 | AK94: ok | AL94: 10 | AM94: 7 | AN94: 6 | AO94: 4 | AP94: 59 | AQ94: 41 | AR94: Soccer City | AS94: Johannesburg | AT94: South Africa | AU94: https://raw.githubusercontent.com/jfjelstul/worldcup/master/data-csv/matches.csv | AV94: https://raw.githubusercontent.com/jfjelstul/worldcup/master/data-csv/bookings.csv | AW94: https://footystats.org/c-dl.php?comp=1389&type=matches
A95: 2010 | B95: 2010 FIFA Men's World Cup | C95: M-2010-30 | D95: group stage | E95: Group G | F95: 40350 | G95: 13:30 | H95: Portugal | I95: North Korea | J95: 7 | K95: 0 | L95: 7–0 | M95: H | N95: Portugal | O95: Portugal | P95: score | Q95: FALSE | R95: FALSE | S95: 0-0 | T95: 5 | U95: 1 | V95: 6 | W95: ok | X95: 2 | Y95: 2 | Z95: 4 | AA95: 0 | AB95: 0 | AC95: 0 | AD95: 0 | AE95: 0 | AF95: 0 | AG95: 0 | AH95: 0 | AI95: 0 | AJ95: 4 | AK95: ok | AL95: 22 | AM95: 11 | AN95: 13 | AO95: 3 | AP95: 53 | AQ95: 47 | AR95: Cape Town Stadium | AS95: Cape Town | AT95: South Africa | AU95: https://raw.githubusercontent.com/jfjelstul/worldcup/master/data-csv/matches.csv | AV95: https://raw.githubusercontent.com/jfjelstul/worldcup/master/data-csv/bookings.csv | AW95: https://footystats.org/c-dl.php?comp=1389&type=matches
A96: 2010 | B96: 2010 FIFA Men's World Cup | C96: M-2010-31 | D96: group stage | E96: Group H | F96: 40350 | G96: 16:00 | H96: Chile | I96: Switzerland | J96: 1 | K96: 0 | L96: 1–0 | M96: H | N96: Chile | O96: Chile | P96: score | Q96: FALSE | R96: FALSE | S96: 0-0 | T96: 5 | U96: 3 | V96: 8 | W96: ok | X96: 6 | Y96: 3 | Z96: 9 | AA96: 0 | AB96: 1 | AC96: 1 | AD96: 0 | AE96: 0 | AF96: 0 | AG96: 0 | AH96: 1 | AI96: 1 | AJ96: 10 | AK96: ok | AL96: 15 | AM96: 6 | AN96: 6 | AO96: 0 | AP96: 60 | AQ96: 40 | AR96: Nelson Mandela Bay Stadium | AS96: Port Elizabeth | AT96: South Africa | AU96: https://raw.githubusercontent.com/jfjelstul/worldcup/master/data-csv/matches.csv | AV96: https://raw.githubusercontent.com/jfjelstul/worldcup/master/data-csv/bookings.csv | AW96: https://footystats.org/c-dl.php?comp=1389&type=matches
A97: 2010 | B97: 2010 FIFA Men's World Cup | C97: M-2010-32 | D97: group stage | E97: Group H | F97: 40350 | G97: 20:30 | H97: Spain | I97: Honduras | J97: 2 | K97: 0 | L97: 2–0 | M97: H | N97: Spain | O97: Spain | P97: score | Q97: FALSE | R97: FALSE | S97: 0-0 | T97: 12 | U97: 2 | V97: 14 | W97: ok | X97: 0 | Y97: 2 | Z97: 2 | AA97: 0 | AB97: 0 | AC97: 0 | AD97: 0 | AE97: 0 | AF97: 0 | AG97: 0 | AH97: 0 | AI97: 0 | AJ97: 2 | AK97: ok | AL97: 14 | AM97: 4 | AN97: 7 | AO97: 0 | AP97: 65 | AQ97: 35 | AR97: Ellis Park Stadium | AS97: Johannesburg | AT97: South Africa | AU97: https://raw.githubusercontent.com/jfjelstul/worldcup/master/data-csv/matches.csv | AV97: https://raw.githubusercontent.com/jfjelstul/worldcup/master/data-csv/bookings.csv | AW97: https://footystats.org/c-dl.php?comp=1389&type=matches
A98: 2010 | B98: 2010 FIFA Men's World Cup | C98: M-2010-33 | D98: group stage | E98: Group A | F98: 40351 | G98: 16:00 | H98: France | I98: South Africa | J98: 1 | K98: 2 | L98: 1–2 | M98: A | N98: South Africa | O98: South Africa | P98: score | Q98: FALSE | R98: FALSE | S98: 0-0 | T98: 3 | U98: 5 | V98: 8 | W98: ok | X98: 1 | Y98: 0 | Z98: 1 | AA98: 1 | AB98: 0 | AC98: 1 | AD98: 0 | AE98: 0 | AF98: 0 | AG98: 1 | AH98: 0 | AI98: 1 | AJ98: 2 | AK98: ok | AL98: 10 | AM98: 16 | AN98: 5 | AO98: 9 | AP98: 50 | AQ98: 50 | AR98: Free State Stadium | AS98: Bloemfontein | AT98: South Africa | AU98: https://raw.githubusercontent.com/jfjelstul/worldcup/master/data-csv/matches.csv | AV98: https://raw.githubusercontent.com/jfjelstul/worldcup/master/data-csv/bookings.csv | AW98: https://footystats.org/c-dl.php?comp=1389&type=matches
A99: 2010 | B99: 2010 FIFA Men's World Cup | C99: M-2010-34 | D99: group stage | E99: Group A | F99: 40351 | G99: 16:00 | H99: Mexico | I99: Uruguay | J99: 0 | K99: 1 | L99: 0–1 | M99: A | N99: Uruguay | O99: Uruguay | P99: score | Q99: FALSE | R99: FALSE | S99: 0-0 | T99: 6 | U99: 7 | V99: 13 | W99: ok | X99: 2 | Y99: 1 | Z99: 3 | AA99: 0 | AB99: 0 | AC99: 0 | AD99: 0 | AE99: 0 | AF99: 0 | AG99: 0 | AH99: 0 | AI99: 0 | AJ99: 3 | AK99: ok | AL99: 7 | AM99: 12 | AN99: 2 | AO99: 5 | AP99: 63 | AQ99: 37 | AR99: Royal Bafokeng Stadium | AS99: Rustenburg | AT99: South Africa | AU99: https://raw.githubusercontent.com/jfjelstul/worldcup/master/data-csv/matches.csv | AV99: https://raw.githubusercontent.com/jfjelstul/worldcup/master/data-csv/bookings.csv | AW99: https://footystats.org/c-dl.php?comp=1389&type=matches
A100: 2010 | B100: 2010 FIFA Men's World Cup | C100: M-2010-35 | D100: group stage | E100: Group B | F100: 40351 | G100: 20:30 | H100: Greece | I100: Argentina | J100: 0 | K100: 2 | L100: 0–2 | M100: A | N100: Argentina | O100: Argentina | P100: score | Q100: FALSE | R100: FALSE | S100: 0-0 | T100: 1 | U100: 10 | V100: 11 | W100: ok | X100: 1 | Y100: 1 | Z100: 2 | AA100: 0 | AB100: 0 | AC100: 0 | AD100: 0 | AE100: 0 | AF100: 0 | AG100: 0 | AH100: 0 | AI100: 0 | AJ100: 2 | AK100: ok | AL100: 5 | AM100: 15 | AN100: 3 | AO100: 11 | AP100: 33 | AQ100: 67 | AR100: Peter Mokaba Stadium | AS100: Polokwane | AT100: South Africa | AU100: https://raw.githubusercontent.com/jfjelstul/worldcup/master/data-csv/matches.csv | AV100: https://raw.githubusercontent.com/jfjelstul/worldcup/master/data-csv/bookings.csv | AW100: https://footystats.org/c-dl.php?comp=1389&type=matches
A101: 2010 | B101: 2010 FIFA Men's World Cup | C101: M-2010-36 | D101: group stage | E101: Group B | F101: 40351 | G101: 20:30 | H101: Nigeria | I101: South Korea | J101: 2 | K101: 2 | L101: 2–2 | M101: D | N101: Draw | P101: draw_no_winner | Q101: FALSE | R101: FALSE | S101: 0-0 | T101: 1 | U101: 7 | V101: 8 | W101: ok | X101: 3 | Y101: 1 | Z101: 4 | AA101: 0 | AB101: 0 | AC101: 0 | AD101: 0 | AE101: 0 | AF101: 0 | AG101: 0 | AH101: 0 | AI101: 0 | AJ101: 4 | AK101: ok | AL101: 12 | AM101: 15 | AN101: 4 | AO101: 8 | AP101: 46 | AQ101: 54 | AR101: Moses Mabhida Stadium | AS101: Durban | AT101: South Africa | AU101: https://raw.githubusercontent.com/jfjelstul/worldcup/master/data-csv/matches.csv | AV101: https://raw.githubusercontent.com/jfjelstul/worldcup/master/data-csv/bookings.csv | AW101: https://footystats.org/c-dl.php?comp=1389&type=matches
A102: 2010 | B102: 2010 FIFA Men's World Cup | C102: M-2010-37 | D102: group stage | E102: Group C | F102: 40352 | G102: 16:00 | H102: Slovenia | I102: England | J102: 0 | K102: 1 | L102: 0–1 | M102: A | N102: England | O102: England | P102: score | Q102: FALSE | R102: FALSE | S102: 0-0 | T102: 2 | U102: 11 | V102: 13 | W102: ok | X102: 3 | Y102: 1 | Z102: 4 | AA102: 0 | AB102: 0 | AC102: 0 | AD102: 0 | AE102: 0 | AF102: 0 | AG102: 0 | AH102: 0 | AI102: 0 | AJ102: 4 | AK102: ok | AL102: 11 | AM102: 13 | AN102: 6 | AO102: 8 | AP102: 46 | AQ102: 54 | AR102: Nelson Mandela Bay Stadium | AS102: Port Elizabeth | AT102: South Africa | AU102: https://raw.githubusercontent.com/jfjelstul/worldcup/master/data-csv/matches.csv | AV102: https://raw.githubusercontent.com/jfjelstul/worldcup/master/data-csv/bookings.csv | AW102: https://footystats.org/c-dl.php?comp=1389&type=matches
A103: 2010 | B103: 2010 FIFA Men's World Cup | C103: M-2010-38 | D103: group stage | E103: Group C | F103: 40352 | G103: 16:00 | H103: United States | I103: Algeria | J103: 1 | K103: 0 | L103: 1–0 | M103: H | N103: United States | O103: United States | P103: score | Q103: FALSE | R103: FALSE | S103: 0-0 | T103: 4 | U103: 6 | V103: 10 | W103: ok | X103: 2 | Y103: 3 | Z103: 5 | AA103: 0 | AB103: 0 | AC103: 0 | AD103: 0 | AE103: 1 | AF103: 1 | AG103: 0 | AH103: 1 | AI103: 1 | AJ103: 6 | AK103: ok | AL103: 20 | AM103: 15 | AN103: 10 | AO103: 4 | AP103: 53 | AQ103: 47 | AR103: Loftus Versfeld Stadium | AS103: Pretoria | AT103: South Africa | AU103: https://raw.githubusercontent.com/jfjelstul/worldcup/master/data-csv/matches.csv | AV103: https://raw.githubusercontent.com/jfjelstul/worldcup/master/data-csv/bookings.csv | AW103: https://footystats.org/c-dl.php?comp=1389&type=matches
A104: 2010 | B104: 2010 FIFA Men's World Cup | C104: M-2010-39 | D104: group stage | E104: Group D | F104: 40352 | G104: 20:30 | H104: Australia | I104: Serbia | J104: 2 | K104: 1 | L104: 2–1 | M104: H | N104: Australia | O104: Australia | P104: score | Q104: FALSE | R104: FALSE | S104: 0-0 | T104: 5 | U104: 6 | V104: 11 | W104: ok | X104: 3 | Y104: 2 | Z104: 5 | AA104: 0 | AB104: 0 | AC104: 0 | AD104: 0 | AE104: 0 | AF104: 0 | AG104: 0 | AH104: 0 | AI104: 0 | AJ104: 5 | AK104: ok | AL104: 10 | AM104: 16 | AN104: 6 | AO104: 6 | AP104: 43 | AQ104: 57 | AR104: Mbombela Stadium | AS104: Nelspruit | AT104: South Africa | AU104: https://raw.githubusercontent.com/jfjelstul/worldcup/master/data-csv/matches.csv | AV104: https://raw.githubusercontent.com/jfjelstul/worldcup/master/data-csv/bookings.csv | AW104: https://footystats.org/c-dl.php?comp=1389&type=matches
A105: 2010 | B105: 2010 FIFA Men's World Cup | C105: M-2010-40 | D105: group stage | E105: Group D | F105: 40352 | G105: 20:30 | H105: Ghana | I105: Germany | J105: 0 | K105: 1 | L105: 0–1 | M105: A | N105: Germany | O105: Germany | P105: score | Q105: FALSE | R105: FALSE | S105: 0-0 | T105: 4 | U105: 7 | V105: 11 | W105: ok | X105: 1 | Y105: 1 | Z105: 2 | AA105: 0 | AB105: 0 | AC105: 0 | AD105: 0 | AE105: 0 | AF105: 0 | AG105: 0 | AH105: 0 | AI105: 0 | AJ105: 2 | AK105: ok | AL105: 15 | AM105: 12 | AN105: 5 | AO105: 6 | AP105: 45 | AQ105: 55 | AR105: Soccer City | AS105: Johannesburg | AT105: South Africa | AU105: https://raw.githubusercontent.com/jfjelstul/worldcup/master/data-csv/matches.csv | AV105: https://raw.githubusercontent.com/jfjelstul/worldcup/master/data-csv/bookings.csv | AW105: https://footystats.org/c-dl.php?comp=1389&type=matches
A106: 2010 | B106: 2010 FIFA Men's World Cup | C106: M-2010-41 | D106: group stage | E106: Group F | F106: 40353 | G106: 16:00 | H106: Paraguay | I106: New Zealand | J106: 0 | K106: 0 | L106: 0–0 | M106: D | N106: Draw | P106: draw_no_winner | Q106: FALSE | R106: FALSE | S106: 0-0 | T106: 2 | U106: 0 | V106: 2 | W106: ok | X106: 2 | Y106: 1 | Z106: 3 | AA106: 0 | AB106: 0 | AC106: 0 | AD106: 0 | AE106: 0 | AF106: 0 | AG106: 0 | AH106: 0 | AI106: 0 | AJ106: 3 | AK106: ok | AL106: 13 | AM106: 3 | AN106: 5 | AO106: 0 | AP106: 61 | AQ106: 39 | AR106: Peter Mokaba Stadium | AS106: Polokwane | AT106: South Africa | AU106: https://raw.githubusercontent.com/jfjelstul/worldcup/master/data-csv/matches.csv | AV106: https://raw.githubusercontent.com/jfjelstul/worldcup/master/data-csv/bookings.csv | AW106: https://footystats.org/c-dl.php?comp=1389&type=matches
A107: 2010 | B107: 2010 FIFA Men's World Cup | C107: M-2010-42 | D107: group stage | E107: Group F | F107: 40353 | G107: 16:00 | H107: Slovakia | I107: Italy | J107: 3 | K107: 2 | L107: 3–2 | M107: H | N107: Slovakia | O107: Slovakia | P107: score | Q107: FALSE | R107: FALSE | S107: 0-0 | T107: 6 | U107: 3 | V107: 9 | W107: ok | X107: 4 | Y107: 4 | Z107: 8 | AA107: 0 | AB107: 0 | AC107: 0 | AD107: 0 | AE107: 0 | AF107: 0 | AG107: 0 | AH107: 0 | AI107: 0 | AJ107: 8 | AK107: ok | AL107: 10 | AM107: 15 | AN107: 4 | AO107: 6 | AP107: 46 | AQ107: 54 | AR107: Ellis Park Stadium | AS107: Johannesburg | AT107: South Africa | AU107: https://raw.githubusercontent.com/jfjelstul/worldcup/master/data-csv/matches.csv | AV107: https://raw.githubusercontent.com/jfjelstul/worldcup/master/data-csv/bookings.csv | AW107: https://footystats.org/c-dl.php?comp=1389&type=matches
A108: 2010 | B108: 2010 FIFA Men's World Cup | C108: M-2010-43 | D108: group stage | E108: Group E | F108: 40353 | G108: 20:30 | H108: Cameroon | I108: Netherlands | J108: 1 | K108: 2 | L108: 1–2 | M108: A | N108: Netherlands | O108: Netherlands | P108: score | Q108: FALSE | R108: FALSE | S108: 0-0 | T108: 6 | U108: 1 | V108: 7 | W108: ok | X108: 2 | Y108: 3 | Z108: 5 | AA108: 0 | AB108: 0 | AC108: 0 | AD108: 0 | AE108: 0 | AF108: 0 | AG108: 0 | AH108: 0 | AI108: 0 | AJ108: 5 | AK108: ok | AL108: 11 | AM108: 14 | AN108: 3 | AO108: 8 | AP108: 51 | AQ108: 49 | AR108: Cape Town Stadium | AS108: Cape Town | AT108: South Africa | AU108: https://raw.githubusercontent.com/jfjelstul/worldcup/master/data-csv/matches.csv | AV108: https://raw.githubusercontent.com/jfjelstul/worldcup/master/data-csv/bookings.csv | AW108: https://footystats.org/c-dl.php?comp=1389&type=matches
...

Sheet Labels_Modelo
A1: match_id | B1: match_date | C1: competition_year | D1: home_team | E1: away_team | F1: FTHG | G1: FTAG | H1: FTR | I1: totalGoals | J1: over15 | K1: over25 | L1: over35 | M1: under25 | N1: under35 | O1: bothTeamsScore | P1: doubleChance_1X | Q1: doubleChance_12 | R1: doubleChance_X2 | S1: HC | T1: AC | U1: totalCorners | V1: corners_over85 | W1: corners_over95 | X1: HY | Y1: AY | Z1: HR | AA1: AR | AB1: totalCards | AC1: cards_over35 | AD1: cards_over45 | AE1: cards_over55 | AF1: corners_status | AG1: cards_status | AH1: source_provider | AI1: data_note
A2: =Partidas!C2 -> M-2006-01 | B2: =Partidas!F2 -> 38877 | C2: =Partidas!A2 -> 2006 | D2: =Partidas!H2 -> Germany | E2: =Partidas!I2 -> Costa Rica | F2: =Partidas!J2 -> 4 | G2: =Partidas!K2 -> 2 | H2: =Partidas!M2 -> H | I2: =F2+G2 -> 6 | J2: =I2>1.5 -> TRUE | K2: =I2>2.5 -> TRUE | L2: =I2>3.5 -> TRUE | M2: =I2<2.5 -> FALSE | N2: =I2<3.5 -> FALSE | O2: =AND(F2>0,G2>0) -> TRUE | P2: =OR(H2="H",H2="D") -> TRUE | Q2: =OR(H2="H",H2="A") -> TRUE | R2: =OR(H2="D",H2="A") -> FALSE | S2: =Partidas!T2 -> 0 | T2: =Partidas!U2 -> 0 | U2: =IF(OR(S2="",T2=""),"",S2+T2) -> 0 | V2: =IF(U2="","dados_insuficientes",U2>8.5) -> FALSE | W2: =IF(U2="","dados_insuficientes",U2>9.5) -> FALSE | X2: =Partidas!X2 -> 0 | Y2: =Partidas!Y2 -> 1 | Z2: =Partidas!AG2 -> 0 | AA2: =Partidas!AH2 -> 0 | AB2: =X2+Y2+Z2+AA2 -> 1 | AC2: =AB2>3.5 -> FALSE | AD2: =AB2>4.5 -> FALSE | AE2: =AB2>5.5 -> FALSE | AF2: =Partidas!W2 -> dados_insuficientes | AG2: =Partidas!AK2 -> ok | AH2: ="Fjelstul World Cup Database + FootyStats CSV" -> Fjelstul World Cup Database + FootyStats CSV | AI2: =Partidas!AX2 -> Escanteios por partida indisponiveis no CSV FootyStats desta edicao; nao preencher com estimativa.
A3: =Partidas!C3 -> M-2006-02 | B3: =Partidas!F3 -> 38877 | C3: =Partidas!A3 -> 2006 | D3: =Partidas!H3 -> Poland | E3: =Partidas!I3 -> Ecuador | F3: =Partidas!J3 -> 0 | G3: =Partidas!K3 -> 2 | H3: =Partidas!M3 -> A | I3: =F3+G3 -> 2 | J3: =I3>1.5 -> TRUE | K3: =I3>2.5 -> FALSE | L3: =I3>3.5 -> FALSE | M3: =I3<2.5 -> TRUE | N3: =I3<3.5 -> TRUE | O3: =AND(F3>0,G3>0) -> FALSE | P3: =OR(H3="H",H3="D") -> FALSE | Q3: =OR(H3="H",H3="A") -> TRUE | R3: =OR(H3="D",H3="A") -> TRUE | S3: =Partidas!T3 -> 0 | T3: =Partidas!U3 -> 0 | U3: =IF(OR(S3="",T3=""),"",S3+T3) -> 0 | V3: =IF(U3="","dados_insuficientes",U3>8.5) -> FALSE | W3: =IF(U3="","dados_insuficientes",U3>9.5) -> FALSE | X3: =Partidas!X3 -> 1 | Y3: =Partidas!Y3 -> 2 | Z3: =Partidas!AG3 -> 0 | AA3: =Partidas!AH3 -> 0 | AB3: =X3+Y3+Z3+AA3 -> 3 | AC3: =AB3>3.5 -> FALSE | AD3: =AB3>4.5 -> FALSE | AE3: =AB3>5.5 -> FALSE | AF3: =Partidas!W3 -> dados_insuficientes | AG3: =Partidas!AK3 -> ok | AH3: ="Fjelstul World Cup Database + FootyStats CSV" -> Fjelstul World Cup Database + FootyStats CSV | AI3: =Partidas!AX3 -> Escanteios por partida indisponiveis no CSV FootyStats desta edicao; nao preencher com estimativa.
A4: =Partidas!C4 -> M-2006-03 | B4: =Partidas!F4 -> 38878 | C4: =Partidas!A4 -> 2006 | D4: =Partidas!H4 -> England | E4: =Partidas!I4 -> Paraguay | F4: =Partidas!J4 -> 1 | G4: =Partidas!K4 -> 0 | H4: =Partidas!M4 -> H | I4: =F4+G4 -> 1 | J4: =I4>1.5 -> FALSE | K4: =I4>2.5 -> FALSE | L4: =I4>3.5 -> FALSE | M4: =I4<2.5 -> TRUE | N4: =I4<3.5 -> TRUE | O4: =AND(F4>0,G4>0) -> FALSE | P4: =OR(H4="H",H4="D") -> TRUE | Q4: =OR(H4="H",H4="A") -> TRUE | R4: =OR(H4="D",H4="A") -> FALSE | S4: =Partidas!T4 -> 0 | T4: =Partidas!U4 -> 0 | U4: =IF(OR(S4="",T4=""),"",S4+T4) -> 0 | V4: =IF(U4="","dados_insuficientes",U4>8.5) -> FALSE | W4: =IF(U4="","dados_insuficientes",U4>9.5) -> FALSE | X4: =Partidas!X4 -> 2 | Y4: =Partidas!Y4 -> 1 | Z4: =Partidas!AG4 -> 0 | AA4: =Partidas!AH4 -> 0 | AB4: =X4+Y4+Z4+AA4 -> 3 | AC4: =AB4>3.5 -> FALSE | AD4: =AB4>4.5 -> FALSE | AE4: =AB4>5.5 -> FALSE | AF4: =Partidas!W4 -> dados_insuficientes | AG4: =Partidas!AK4 -> ok | AH4: ="Fjelstul World Cup Database + FootyStats CSV" -> Fjelstul World Cup Database + FootyStats CSV | AI4: =Partidas!AX4 -> Escanteios por partida indisponiveis no CSV FootyStats desta edicao; nao preencher com estimativa.
A5: =Partidas!C5 -> M-2006-04 | B5: =Partidas!F5 -> 38878 | C5: =Partidas!A5 -> 2006 | D5: =Partidas!H5 -> Trinidad and Tobago | E5: =Partidas!I5 -> Sweden | F5: =Partidas!J5 -> 0 | G5: =Partidas!K5 -> 0 | H5: =Partidas!M5 -> D | I5: =F5+G5 -> 0 | J5: =I5>1.5 -> FALSE | K5: =I5>2.5 -> FALSE | L5: =I5>3.5 -> FALSE | M5: =I5<2.5 -> TRUE | N5: =I5<3.5 -> TRUE | O5: =AND(F5>0,G5>0) -> FALSE | P5: =OR(H5="H",H5="D") -> TRUE | Q5: =OR(H5="H",H5="A") -> FALSE | R5: =OR(H5="D",H5="A") -> TRUE | S5: =Partidas!T5 -> 0 | T5: =Partidas!U5 -> 0 | U5: =IF(OR(S5="",T5=""),"",S5+T5) -> 0 | V5: =IF(U5="","dados_insuficientes",U5>8.5) -> FALSE | W5: =IF(U5="","dados_insuficientes",U5>9.5) -> FALSE | X5: =Partidas!X5 -> 2 | Y5: =Partidas!Y5 -> 1 | Z5: =Partidas!AG5 -> 1 | AA5: =Partidas!AH5 -> 0 | AB5: =X5+Y5+Z5+AA5 -> 4 | AC5: =AB5>3.5 -> TRUE | AD5: =AB5>4.5 -> FALSE | AE5: =AB5>5.5 -> FALSE | AF5: =Partidas!W5 -> dados_insuficientes | AG5: =Partidas!AK5 -> ok | AH5: ="Fjelstul World Cup Database + FootyStats CSV" -> Fjelstul World Cup Database + FootyStats CSV | AI5: =Partidas!AX5 -> Escanteios por partida indisponiveis no CSV FootyStats desta edicao; nao preencher com estimativa.
A6: =Partidas!C6 -> M-2006-05 | B6: =Partidas!F6 -> 38878 | C6: =Partidas!A6 -> 2006 | D6: =Partidas!H6 -> Argentina | E6: =Partidas!I6 -> Ivory Coast | F6: =Partidas!J6 -> 2 | G6: =Partidas!K6 -> 1 | H6: =Partidas!M6 -> H | I6: =F6+G6 -> 3 | J6: =I6>1.5 -> TRUE | K6: =I6>2.5 -> TRUE | L6: =I6>3.5 -> FALSE | M6: =I6<2.5 -> FALSE | N6: =I6<3.5 -> TRUE | O6: =AND(F6>0,G6>0) -> TRUE | P6: =OR(H6="H",H6="D") -> TRUE | Q6: =OR(H6="H",H6="A") -> TRUE | R6: =OR(H6="D",H6="A") -> FALSE | S6: =Partidas!T6 -> 0 | T6: =Partidas!U6 -> 0 | U6: =IF(OR(S6="",T6=""),"",S6+T6) -> 0 | V6: =IF(U6="","dados_insuficientes",U6>8.5) -> FALSE | W6: =IF(U6="","dados_insuficientes",U6>9.5) -> FALSE | X6: =Partidas!X6 -> 3 | Y6: =Partidas!Y6 -> 2 | Z6: =Partidas!AG6 -> 0 | AA6: =Partidas!AH6 -> 0 | AB6: =X6+Y6+Z6+AA6 -> 5 | AC6: =AB6>3.5 -> TRUE | AD6: =AB6>4.5 -> TRUE | AE6: =AB6>5.5 -> FALSE | AF6: =Partidas!W6 -> dados_insuficientes | AG6: =Partidas!AK6 -> ok | AH6: ="Fjelstul World Cup Database + FootyStats CSV" -> Fjelstul World Cup Database + FootyStats CSV | AI6: =Partidas!AX6 -> Escanteios por partida indisponiveis no CSV FootyStats desta edicao; nao preencher com estimativa.
A7: =Partidas!C7 -> M-2006-06 | B7: =Partidas!F7 -> 38879 | C7: =Partidas!A7 -> 2006 | D7: =Partidas!H7 -> Serbia and Montenegro | E7: =Partidas!I7 -> Netherlands | F7: =Partidas!J7 -> 0 | G7: =Partidas!K7 -> 1 | H7: =Partidas!M7 -> A | I7: =F7+G7 -> 1 | J7: =I7>1.5 -> FALSE | K7: =I7>2.5 -> FALSE | L7: =I7>3.5 -> FALSE | M7: =I7<2.5 -> TRUE | N7: =I7<3.5 -> TRUE | O7: =AND(F7>0,G7>0) -> FALSE | P7: =OR(H7="H",H7="D") -> FALSE | Q7: =OR(H7="H",H7="A") -> TRUE | R7: =OR(H7="D",H7="A") -> TRUE | S7: =Partidas!T7 -> 0 | T7: =Partidas!U7 -> 0 | U7: =IF(OR(S7="",T7=""),"",S7+T7) -> 0 | V7: =IF(U7="","dados_insuficientes",U7>8.5) -> FALSE | W7: =IF(U7="","dados_insuficientes",U7>9.5) -> FALSE | X7: =Partidas!X7 -> 4 | Y7: =Partidas!Y7 -> 2 | Z7: =Partidas!AG7 -> 0 | AA7: =Partidas!AH7 -> 0 | AB7: =X7+Y7+Z7+AA7 -> 6 | AC7: =AB7>3.5 -> TRUE | AD7: =AB7>4.5 -> TRUE | AE7: =AB7>5.5 -> TRUE | AF7: =Partidas!W7 -> dados_insuficientes | AG7: =Partidas!AK7 -> ok | AH7: ="Fjelstul World Cup Database + FootyStats CSV" -> Fjelstul World Cup Database + FootyStats CSV | AI7: =Partidas!AX7 -> Escanteios por partida indisponiveis no CSV FootyStats desta edicao; nao preencher com estimativa.
A8: =Partidas!C8 -> M-2006-07 | B8: =Partidas!F8 -> 38879 | C8: =Partidas!A8 -> 2006 | D8: =Partidas!H8 -> Mexico | E8: =Partidas!I8 -> Iran | F8: =Partidas!J8 -> 3 | G8: =Partidas!K8 -> 1 | H8: =Partidas!M8 -> H | I8: =F8+G8 -> 4 | J8: =I8>1.5 -> TRUE | K8: =I8>2.5 -> TRUE | L8: =I8>3.5 -> TRUE | M8: =I8<2.5 -> FALSE | N8: =I8<3.5 -> FALSE | O8: =AND(F8>0,G8>0) -> TRUE | P8: =OR(H8="H",H8="D") -> TRUE | Q8: =OR(H8="H",H8="A") -> TRUE | R8: =OR(H8="D",H8="A") -> FALSE | S8: =Partidas!T8 -> 0 | T8: =Partidas!U8 -> 0 | U8: =IF(OR(S8="",T8=""),"",S8+T8) -> 0 | V8: =IF(U8="","dados_insuficientes",U8>8.5) -> FALSE | W8: =IF(U8="","dados_insuficientes",U8>9.5) -> FALSE | X8: =Partidas!X8 -> 2 | Y8: =Partidas!Y8 -> 1 | Z8: =Partidas!AG8 -> 0 | AA8: =Partidas!AH8 -> 0 | AB8: =X8+Y8+Z8+AA8 -> 3 | AC8: =AB8>3.5 -> FALSE | AD8: =AB8>4.5 -> FALSE | AE8: =AB8>5.5 -> FALSE | AF8: =Partidas!W8 -> dados_insuficientes | AG8: =Partidas!AK8 -> ok | AH8: ="Fjelstul World Cup Database + FootyStats CSV" -> Fjelstul World Cup Database + FootyStats CSV | AI8: =Partidas!AX8 -> Escanteios por partida indisponiveis no CSV FootyStats desta edicao; nao preencher com estimativa.
A9: =Partidas!C9 -> M-2006-08 | B9: =Partidas!F9 -> 38879 | C9: =Partidas!A9 -> 2006 | D9: =Partidas!H9 -> Angola | E9: =Partidas!I9 -> Portugal | F9: =Partidas!J9 -> 0 | G9: =Partidas!K9 -> 1 | H9: =Partidas!M9 -> A | I9: =F9+G9 -> 1 | J9: =I9>1.5 -> FALSE | K9: =I9>2.5 -> FALSE | L9: =I9>3.5 -> FALSE | M9: =I9<2.5 -> TRUE | N9: =I9<3.5 -> TRUE | O9: =AND(F9>0,G9>0) -> FALSE | P9: =OR(H9="H",H9="D") -> FALSE | Q9: =OR(H9="H",H9="A") -> TRUE | R9: =OR(H9="D",H9="A") -> TRUE | S9: =Partidas!T9 -> 0 | T9: =Partidas!U9 -> 0 | U9: =IF(OR(S9="",T9=""),"",S9+T9) -> 0 | V9: =IF(U9="","dados_insuficientes",U9>8.5) -> FALSE | W9: =IF(U9="","dados_insuficientes",U9>9.5) -> FALSE | X9: =Partidas!X9 -> 3 | Y9: =Partidas!Y9 -> 2 | Z9: =Partidas!AG9 -> 0 | AA9: =Partidas!AH9 -> 0 | AB9: =X9+Y9+Z9+AA9 -> 5 | AC9: =AB9>3.5 -> TRUE | AD9: =AB9>4.5 -> TRUE | AE9: =AB9>5.5 -> FALSE | AF9: =Partidas!W9 -> dados_insuficientes | AG9: =Partidas!AK9 -> ok | AH9: ="Fjelstul World Cup Database + FootyStats CSV" -> Fjelstul World Cup Database + FootyStats CSV | AI9: =Partidas!AX9 -> Escanteios por partida indisponiveis no CSV FootyStats desta edicao; nao preencher com estimativa.
A10: =Partidas!C10 -> M-2006-09 | B10: =Partidas!F10 -> 38880 | C10: =Partidas!A10 -> 2006 | D10: =Partidas!H10 -> Australia | E10: =Partidas!I10 -> Japan | F10: =Partidas!J10 -> 3 | G10: =Partidas!K10 -> 1 | H10: =Partidas!M10 -> H | I10: =F10+G10 -> 4 | J10: =I10>1.5 -> TRUE | K10: =I10>2.5 -> TRUE | L10: =I10>3.5 -> TRUE | M10: =I10<2.5 -> FALSE | N10: =I10<3.5 -> FALSE | O10: =AND(F10>0,G10>0) -> TRUE | P10: =OR(H10="H",H10="D") -> TRUE | Q10: =OR(H10="H",H10="A") -> TRUE | R10: =OR(H10="D",H10="A") -> FALSE | S10: =Partidas!T10 -> 0 | T10: =Partidas!U10 -> 0 | U10: =IF(OR(S10="",T10=""),"",S10+T10) -> 0 | V10: =IF(U10="","dados_insuficientes",U10>8.5) -> FALSE | W10: =IF(U10="","dados_insuficientes",U10>9.5) -> FALSE | X10: =Partidas!X10 -> 4 | Y10: =Partidas!Y10 -> 3 | Z10: =Partidas!AG10 -> 0 | AA10: =Partidas!AH10 -> 0 | AB10: =X10+Y10+Z10+AA10 -> 7 | AC10: =AB10>3.5 -> TRUE | AD10: =AB10>4.5 -> TRUE | AE10: =AB10>5.5 -> TRUE | AF10: =Partidas!W10 -> dados_insuficientes | AG10: =Partidas!AK10 -> ok | AH10: ="Fjelstul World Cup Database + FootyStats CSV" -> Fjelstul World Cup Database + FootyStats CSV | AI10: =Partidas!AX10 -> Escanteios por partida indisponiveis no CSV FootyStats desta edicao; nao preencher com estimativa.
A11: =Partidas!C11 -> M-2006-10 | B11: =Partidas!F11 -> 38880 | C11: =Partidas!A11 -> 2006 | D11: =Partidas!H11 -> United States | E11: =Partidas!I11 -> Czech Republic | F11: =Partidas!J11 -> 0 | G11: =Partidas!K11 -> 3 | H11: =Partidas!M11 -> A | I11: =F11+G11 -> 3 | J11: =I11>1.5 -> TRUE | K11: =I11>2.5 -> TRUE | L11: =I11>3.5 -> FALSE | M11: =I11<2.5 -> FALSE | N11: =I11<3.5 -> TRUE | O11: =AND(F11>0,G11>0) -> FALSE | P11: =OR(H11="H",H11="D") -> FALSE | Q11: =OR(H11="H",H11="A") -> TRUE | R11: =OR(H11="D",H11="A") -> TRUE | S11: =Partidas!T11 -> 0 | T11: =Partidas!U11 -> 0 | U11: =IF(OR(S11="",T11=""),"",S11+T11) -> 0 | V11: =IF(U11="","dados_insuficientes",U11>8.5) -> FALSE | W11: =IF(U11="","dados_insuficientes",U11>9.5) -> FALSE | X11: =Partidas!X11 -> 2 | Y11: =Partidas!Y11 -> 4 | Z11: =Partidas!AG11 -> 0 | AA11: =Partidas!AH11 -> 0 | AB11: =X11+Y11+Z11+AA11 -> 6 | AC11: =AB11>3.5 -> TRUE | AD11: =AB11>4.5 -> TRUE | AE11: =AB11>5.5 -> TRUE | AF11: =Partidas!W11 -> dados_insuficientes | AG11: =Partidas!AK11 -> ok | AH11: ="Fjelstul World Cup Database + FootyStats CSV" -> Fjelstul World Cup Database + FootyStats CSV | AI11: =Partidas!AX11 -> Escanteios por partida indisponiveis no CSV FootyStats desta edicao; nao preencher com estimativa.
A12: =Partidas!C12 -> M-2006-11 | B12: =Partidas!F12 -> 38880 | C12: =Partidas!A12 -> 2006 | D12: =Partidas!H12 -> Italy | E12: =Partidas!I12 -> Ghana | F12: =Partidas!J12 -> 2 | G12: =Partidas!K12 -> 0 | H12: =Partidas!M12 -> H | I12: =F12+G12 -> 2 | J12: =I12>1.5 -> TRUE | K12: =I12>2.5 -> FALSE | L12: =I12>3.5 -> FALSE | M12: =I12<2.5 -> TRUE | N12: =I12<3.5 -> TRUE | O12: =AND(F12>0,G12>0) -> FALSE | P12: =OR(H12="H",H12="D") -> TRUE | Q12: =OR(H12="H",H12="A") -> TRUE | R12: =OR(H12="D",H12="A") -> FALSE | S12: =Partidas!T12 -> 0 | T12: =Partidas!U12 -> 0 | U12: =IF(OR(S12="",T12=""),"",S12+T12) -> 0 | V12: =IF(U12="","dados_insuficientes",U12>8.5) -> FALSE | W12: =IF(U12="","dados_insuficientes",U12>9.5) -> FALSE | X12: =Partidas!X12 -> 3 | Y12: =Partidas!Y12 -> 2 | Z12: =Partidas!AG12 -> 0 | AA12: =Partidas!AH12 -> 0 | AB12: =X12+Y12+Z12+AA12 -> 5 | AC12: =AB12>3.5 -> TRUE | AD12: =AB12>4.5 -> TRUE | AE12: =AB12>5.5 -> FALSE | AF12: =Partidas!W12 -> dados_insuficientes | AG12: =Partidas!AK12 -> ok | AH12: ="Fjelstul World Cup Database + FootyStats CSV" -> Fjelstul World Cup Database + FootyStats CSV | AI12: =Partidas!AX12 -> Escanteios por partida indisponiveis no CSV FootyStats desta edicao; nao preencher com estimativa.
A13: =Partidas!C13 -> M-2006-12 | B13: =Partidas!F13 -> 38881 | C13: =Partidas!A13 -> 2006 | D13: =Partidas!H13 -> South Korea | E13: =Partidas!I13 -> Togo | F13: =Partidas!J13 -> 2 | G13: =Partidas!K13 -> 1 | H13: =Partidas!M13 -> H | I13: =F13+G13 -> 3 | J13: =I13>1.5 -> TRUE | K13: =I13>2.5 -> TRUE | L13: =I13>3.5 -> FALSE | M13: =I13<2.5 -> FALSE | N13: =I13<3.5 -> TRUE | O13: =AND(F13>0,G13>0) -> TRUE | P13: =OR(H13="H",H13="D") -> TRUE | Q13: =OR(H13="H",H13="A") -> TRUE | R13: =OR(H13="D",H13="A") -> FALSE | S13: =Partidas!T13 -> 0 | T13: =Partidas!U13 -> 0 | U13: =IF(OR(S13="",T13=""),"",S13+T13) -> 0 | V13: =IF(U13="","dados_insuficientes",U13>8.5) -> FALSE | W13: =IF(U13="","dados_insuficientes",U13>9.5) -> FALSE | X13: =Partidas!X13 -> 2 | Y13: =Partidas!Y13 -> 3 | Z13: =Partidas!AG13 -> 0 | AA13: =Partidas!AH13 -> 1 | AB13: =X13+Y13+Z13+AA13 -> 6 | AC13: =AB13>3.5 -> TRUE | AD13: =AB13>4.5 -> TRUE | AE13: =AB13>5.5 -> TRUE | AF13: =Partidas!W13 -> dados_insuficientes | AG13: =Partidas!AK13 -> ok | AH13: ="Fjelstul World Cup Database + FootyStats CSV" -> Fjelstul World Cup Database + FootyStats CSV | AI13: =Partidas!AX13 -> Escanteios por partida indisponiveis no CSV FootyStats desta edicao; nao preencher com estimativa.
... A321: =Partidas!C321 -> M-2022-64 | B321: =Partidas!F321 -> 44913 | C321: =Partidas!A321 -> 2022 | D321: =Partidas!H321 -> Argentina | E321: =Partidas!I321 -> France | F321: =Partidas!J321 -> 3 | G321: =Partidas!K321 -> 3 | H321: =Partidas!M321 -> D | I321: =F321+G321 -> 6 | J321: =I321>1.5 -> TRUE | K321: =I321>2.5 -> TRUE | L321: =I321>3.5 -> TRUE | M321: =I321<2.5 -> FALSE | N321: =I321<3.5 -> FALSE | O321: =AND(F321>0,G321>0) -> TRUE | P321: =OR(H321="H",H321="D") -> TRUE | Q321: =OR(H321="H",H321="A") -> FALSE | R321: =OR(H321="D",H321="A") -> TRUE | S321: =Partidas!T321 -> 6 | T321: =Partidas!U321 -> 5 | U321: =IF(OR(S321="",T321=""),"",S321+T321) -> 11 | V321: =IF(U321="","dados_insuficientes",U321>8.5) -> TRUE | W321: =IF(U321="","dados_insuficientes",U321>9.5) -> TRUE | X321: =Partidas!X321 -> 5 | Y321: =Partidas!Y321 -> 3 | Z321: =Partidas!AG321 -> 0 | AA321: =Partidas!AH321 -> 0 | AB321: =X321+Y321+Z321+AA321 -> 8 | AC321: =AB321>3.5 -> TRUE | AD321: =AB321>4.5 -> TRUE | AE321: =AB321>5.5 -> TRUE | AF321: =Partidas!W321 -> ok | AG321: =Partidas!AK321 -> ok | AH321: ="Fjelstul World Cup Database + FootyStats CSV" -> Fjelstul World Cup Database + FootyStats CSV | AI321: =Partidas!AX321 -> 0

Sheet Por_Edicao
A1: Ano | B1: Partidas | C1: Gols | D1: Media gols | E1: H | F1: D | G1: A | H1: Partidas com escanteios | I1: Total escanteios | J1: Media escanteios | K1: Total amarelos | L1: Total expulsoes | M1: TotalCards modelo | N1: Media cards modelo
A2: 2006 | B2: =COUNTIF(Partidas!$A$2:$A$321,A2) -> 64 | C2: =SUMIF(Partidas!$A$2:$A$321,A2,Partidas!$J$2:$J$321)+SUMIF(Partidas!$A$2:$A$321,A2,Partidas!$K$2:$K$321) -> 147 | D2: =C2/B2 -> 2.296875 | E2: =COUNTIFS(Partidas!$A$2:$A$321,A2,Partidas!$M$2:$M$321,"H") -> 32 | F2: =COUNTIFS(Partidas!$A$2:$A$321,A2,Partidas!$M$2:$M$321,"D") -> 15 | G2: =COUNTIFS(Partidas!$A$2:$A$321,A2,Partidas!$M$2:$M$321,"A") -> 17 | H2: =COUNTIFS(Partidas!$A$2:$A$321,A2,Partidas!$W$2:$W$321,"ok") -> 0 | I2: =SUMIFS(Partidas!$V$2:$V$321,Partidas!$A$2:$A$321,A2) -> 0 | J2: =IF(H2=0,"dados_insuficientes",I2/H2) -> dados_insuficientes | K2: =SUMIFS(Partidas!$Z$2:$Z$321,Partidas!$A$2:$A$321,A2) -> 326 | L2: =SUMIFS(Partidas!$AI$2:$AI$321,Partidas!$A$2:$A$321,A2) -> 28 | M2: =SUMIFS(Partidas!$AJ$2:$AJ$321,Partidas!$A$2:$A$321,A2) -> 354 | N2: =M2/B2 -> 5.53125
A3: 2010 | B3: =COUNTIF(Partidas!$A$2:$A$321,A3) -> 64 | C3: =SUMIF(Partidas!$A$2:$A$321,A3,Partidas!$J$2:$J$321)+SUMIF(Partidas!$A$2:$A$321,A3,Partidas!$K$2:$K$321) -> 145 | D3: =C3/B3 -> 2.265625 | E3: =COUNTIFS(Partidas!$A$2:$A$321,A3,Partidas!$M$2:$M$321,"H") -> 23 | F3: =COUNTIFS(Partidas!$A$2:$A$321,A3,Partidas!$M$2:$M$321,"D") -> 16 | G3: =COUNTIFS(Partidas!$A$2:$A$321,A3,Partidas!$M$2:$M$321,"A") -> 25 | H3: =COUNTIFS(Partidas!$A$2:$A$321,A3,Partidas!$W$2:$W$321,"ok") -> 64 | I3: =SUMIFS(Partidas!$V$2:$V$321,Partidas!$A$2:$A$321,A3) -> 620 | J3: =IF(H3=0,"dados_insuficientes",I3/H3) -> 9.6875 | K3: =SUMIFS(Partidas!$Z$2:$Z$321,Partidas!$A$2:$A$321,A3) -> 254 | L3: =SUMIFS(Partidas!$AI$2:$AI$321,Partidas!$A$2:$A$321,A3) -> 17 | M3: =SUMIFS(Partidas!$AJ$2:$AJ$321,Partidas!$A$2:$A$321,A3) -> 271 | N3: =M3/B3 -> 4.234375
A4: 2014 | B4: =COUNTIF(Partidas!$A$2:$A$321,A4) -> 64 | C4: =SUMIF(Partidas!$A$2:$A$321,A4,Partidas!$J$2:$J$321)+SUMIF(Partidas!$A$2:$A$321,A4,Partidas!$K$2:$K$321) -> 171 | D4: =C4/B4 -> 2.671875 | E4: =COUNTIFS(Partidas!$A$2:$A$321,A4,Partidas!$M$2:$M$321,"H") -> 28 | F4: =COUNTIFS(Partidas!$A$2:$A$321,A4,Partidas!$M$2:$M$321,"D") -> 13 | G4: =COUNTIFS(Partidas!$A$2:$A$321,A4,Partidas!$M$2:$M$321,"A") -> 23 | H4: =COUNTIFS(Partidas!$A$2:$A$321,A4,Partidas!$W$2:$W$321,"ok") -> 64 | I4: =SUMIFS(Partidas!$V$2:$V$321,Partidas!$A$2:$A$321,A4) -> 668 | J4: =IF(H4=0,"dados_insuficientes",I4/H4) -> 10.4375 | K4: =SUMIFS(Partidas!$Z$2:$Z$321,Partidas!$A$2:$A$321,A4) -> 184 | L4: =SUMIFS(Partidas!$AI$2:$AI$321,Partidas!$A$2:$A$321,A4) -> 10 | M4: =SUMIFS(Partidas!$AJ$2:$AJ$321,Partidas!$A$2:$A$321,A4) -> 194 | N4: =M4/B4 -> 3.03125
A5: 2018 | B5: =COUNTIF(Partidas!$A$2:$A$321,A5) -> 64 | C5: =SUMIF(Partidas!$A$2:$A$321,A5,Partidas!$J$2:$J$321)+SUMIF(Partidas!$A$2:$A$321,A5,Partidas!$K$2:$K$321) -> 169 | D5: =C5/B5 -> 2.640625 | E5: =COUNTIFS(Partidas!$A$2:$A$321,A5,Partidas!$M$2:$M$321,"H") -> 26 | F5: =COUNTIFS(Partidas!$A$2:$A$321,A5,Partidas!$M$2:$M$321,"D") -> 13 | G5: =COUNTIFS(Partidas!$A$2:$A$321,A5,Partidas!$M$2:$M$321,"A") -> 25 | H5: =COUNTIFS(Partidas!$A$2:$A$321,A5,Partidas!$W$2:$W$321,"ok") -> 64 | I5: =SUMIFS(Partidas!$V$2:$V$321,Partidas!$A$2:$A$321,A5) -> 597 | J5: =IF(H5=0,"dados_insuficientes",I5/H5) -> 9.328125 | K5: =SUMIFS(Partidas!$Z$2:$Z$321,Partidas!$A$2:$A$321,A5) -> 221 | L5: =SUMIFS(Partidas!$AI$2:$AI$321,Partidas!$A$2:$A$321,A5) -> 4 | M5: =SUMIFS(Partidas!$AJ$2:$AJ$321,Partidas!$A$2:$A$321,A5) -> 225 | N5: =M5/B5 -> 3.515625
A6: 2022 | B6: =COUNTIF(Partidas!$A$2:$A$321,A6) -> 64 | C6: =SUMIF(Partidas!$A$2:$A$321,A6,Partidas!$J$2:$J$321)+SUMIF(Partidas!$A$2:$A$321,A6,Partidas!$K$2:$K$321) -> 172 | D6: =C6/B6 -> 2.6875 | E6: =COUNTIFS(Partidas!$A$2:$A$321,A6,Partidas!$M$2:$M$321,"H") -> 29 | F6: =COUNTIFS(Partidas!$A$2:$A$321,A6,Partidas!$M$2:$M$321,"D") -> 15 | G6: =COUNTIFS(Partidas!$A$2:$A$321,A6,Partidas!$M$2:$M$321,"A") -> 20 | H6: =COUNTIFS(Partidas!$A$2:$A$321,A6,Partidas!$W$2:$W$321,"ok") -> 64 | I6: =SUMIFS(Partidas!$V$2:$V$321,Partidas!$A$2:$A$321,A6) -> 572 | J6: =IF(H6=0,"dados_insuficientes",I6/H6) -> 8.9375 | K6: =SUMIFS(Partidas!$Z$2:$Z$321,Partidas!$A$2:$A$321,A6) -> 224 | L6: =SUMIFS(Partidas!$AI$2:$AI$321,Partidas!$A$2:$A$321,A6) -> 4 | M6: =SUMIFS(Partidas!$AJ$2:$AJ$321,Partidas!$A$2:$A$321,A6) -> 228 | N6: =M6/B6 -> 3.5625

Sheet Dicionario
A1: Coluna | B1: Aba | C1: Descricao
A2: FTHG / FTAG | B2: Labels_Modelo | C2: Gols do mandante/visitante no placar final da fonte, excluindo disputa de penaltis.
A3: FTR | B3: Labels_Modelo | C3: Resultado derivado do placar: H, D ou A.
A4: official_winner | B4: Partidas | C4: Vencedor oficial segundo a base Fjelstul; em jogos decididos nos penaltis pode diferir de FTR.
A5: HC / AC | B5: Labels_Modelo | C5: Escanteios mandante/visitante. Vazio quando a fonte traz valor ausente.
A6: HY / AY | B6: Labels_Modelo | C6: Cartoes amarelos por equipe agregados de bookings.csv.
A7: HR / AR | B7: Labels_Modelo | C7: Expulsoes por equipe: vermelho direto ou segundo amarelo, via sending_off.
A8: totalCards | B8: Labels_Modelo | C8: HY + AY + HR + AR, coerente com o harness BetIntel.
A9: corners_status | B9: Labels_Modelo | C9: ok ou dados_insuficientes; 2006 fica insuficiente para escanteios por partida.
A10: cards_status | B10: Labels_Modelo | C10: ok nas cinco edicoes porque bookings.csv cobre os torneios.
A11: odds | B11: Todas | C11: Odds reais nao foram importadas para evitar uso como recomendacao financeira.

Sheet Fontes_Limitacoes
A1: Tipo | B1: Fonte | C1: URL | D1: Uso na planilha | E1: Licenca/observacao
A2: Resultados e metadados | B2: Fjelstul World Cup Database | C2: https://github.com/jfjelstul/worldcup | D2: Partidas, placares, sede, fase, prorrogacao, penaltis e IDs de partida. | E2: Repositorio informa CC-BY-SA 4.0; manter atribuicao ao reutilizar.
A3: Resultados CSV | B3: matches.csv | C3: https://raw.githubusercontent.com/jfjelstul/worldcup/master/data-csv/matches.csv | D3: Fonte bruta baixada para resultados das Copas 2006-2022. | E3: Sem odds; dados historicos para uso academico.
A4: Cartoes CSV | B4: bookings.csv | C4: https://raw.githubusercontent.com/jfjelstul/worldcup/master/data-csv/bookings.csv | D4: Cartoes amarelos, vermelhos diretos, segundo amarelo e expulsao por partida/equipe. | E4: TotalCards do modelo usa amarelos + expulsoes, alinhado a HY+AY+HR+AR.
A5: Escanteios e estatisticas | B5: FootyStats World Cup CSV | C5: https://footystats.org/world-cup | D5: Escanteios por equipe/partida, chutes e posse quando disponiveis. | E5: Odds do CSV foram ignoradas intencionalmente.
A6: Escanteios CSV direto | B6: FootyStats 2006 | C6: https://footystats.org/c-dl.php?comp=1419&type=matches | D6: CSV de partidas da Copa 2006. | E6: Escanteios aparecem como -1 em todas as partidas; marcados como dados_insuficientes.
A7: Escanteios CSV direto | B7: FootyStats 2010 | C7: https://footystats.org/c-dl.php?comp=1389&type=matches | D7: CSV de partidas da Copa 2010. | E7: Escanteios disponiveis por partida.
A8: Escanteios CSV direto | B8: FootyStats 2014 | C8: https://footystats.org/c-dl.php?comp=1384&type=matches | D8: CSV de partidas da Copa 2014. | E8: Escanteios disponiveis por partida.
A9: Escanteios CSV direto | B9: FootyStats 2018 | C9: https://footystats.org/c-dl.php?comp=1425&type=matches | D9: CSV de partidas da Copa 2018. | E9: Escanteios disponiveis por partida.
A10: Escanteios CSV direto | B10: FootyStats 2022 | C10: https://footystats.org/c-dl.php?comp=7432&type=matches | D10: CSV de partidas da Copa 2022. | E10: Escanteios disponiveis por partida.
A11: Google | B11: Google Search / paineis esportivos | C11: https://policies.google.com/terms | D11: Nao usado como dataset de treino. | E11: Google agrega dados de terceiros; raspagem automatizada nao e uma fonte reproduzivel/licenciada para treino.
